 会画咕卡贴纸的老师看看我！ ,这个设计我觉得有意思,李帝努委屈到有些沙哑的小奶音，一双小杏眼眼眶红红的，两个小手指不安的戳戳戳，一颗珍珠泪滴落在粉色睡裙的镂空复古来自19世纪著名设计师设计的蕾丝花边上 ,我觉得bm的版型设计对我来说就是救赎卫衣我就是喜欢整体宽松但有型又不是那么又大又垮的现在好多裤子对于我来说长度够 但是腰太宽了从小到大去实体店买裤子都得勒腰带 穿bm的裤子真的就是正好还很舒适吊带和短袖的版型和样子也很戳我之前看了好多关于bm的负面新闻 其实我想说我就是喜欢版型喜欢bm ..., 今天九点网课我口干舌燥的刚出房间，阿姨和小胡坐在客厅，我说怎么不开电视看呢。阿姨一脸沉思的说新悦快坐下咱们商量点事，开始说等疫情快完事了这两月订婚的事（其实这是年前就已经商量完了），结婚的饭店疫情放开就要抓紧定不然耽误明年结婚，装修设计装修房子吧啦吧啦的后面我压根 ...,用procreat画了三个小时干正事不行 不务正业倒是个小能手哈哈哈哈哈哈 ,每套的设计都很好看，都很喜欢,弋到底他是想说，一个人身上只能有一个决斗状态，不可覆盖。还是双方一起只能有一个?第二种怎么看都不可能啊，怎么会设计出这么蠢的机制。我怎么觉得是第一种，结果他们没说明白啊...... ,加上一朵小红花🌸变新包 ,卖一套室内毕设，cad+su，施工图大概三十四张，效果图可以渲几张，价格可小刀，dd ,做设计，做设计做完PLAN做DESIGN ,女孩子一眼就喜欢上的壁纸 ,【】当地时间3月30日，国际足联公布了2022年卡塔尔足球世界杯的官方用球“Al Rihla”，该词在阿拉伯语中意为“旅程”。足球的设计灵感来自卡塔尔文化，部分元素取材于卡塔尔国旗和标志性的建筑、船只等。国际足联表示，这一用球从内到外都进行了创新，采用了20块皮 ...,浙江一本社会工作365+～法学350+  稳！满足条件的VX联系 ：LZ100199 ,我问一下，3月2号出的稿子，那个人拖到现在没有付钱，然后今天我又问她，她说不好看，就不要了，当时也没有付定金，这种情况我可不可以收跑单费，收多少合适？ ,在家 坐手工  全国外发，合适在家带娃的宝妈做，在家有空就可以做，虽然挣的不是很多，挣点零花💰 还是没问题的，欢迎询  无  押   金  无会   费。   ,才看到微博推出了表情，看着很有诡异的槽点，忍不住猜想设计它的程序员是个上海人。 ,“能够坚持做自己的人，他一定会有无限的可能”。蔡徐坤3 // :// :× 玩转多彩设计，诠释无穷魅力；风格不受禁锢，享受随心时尚。和 一起探索轻松格调，演绎潮流风范。,艺术设计的学长学姐，艺术设计复试一般考什么 ,#色彩60天挑战赛#  Day30 素材参考：©潘呀潘潘不会画脸 尽力了。 ,中国大爷做了几个“小木牛流马”，不用电池，用惯性也能走路  ,【企业运营的两大流程】--业务流程和工作流程一、目标不同业务流程：业务流程的重点在“做什么”上面，不仅仅体现出完成一件工作的先后操作标准程序，还明确指出了每个工作节点的负责人，以及他们的工作要求以及指向的企业目标关系。业务流程是为实现企业目标而设计的流程。工作流程：也叫作业流程 ...,脑子抽了才会选择做设计再来一次机会绝对不选2.5D图表，画插画  ,电 脑 🖥 壁 纸（第2期）  ,:
      有人说三脚架没有什么可创新的了，我说等我设计完了您再说您就是对的 ,   肖战 你说你羡慕顾魏，但我羡慕你把触控玩的这么溜，还是在设计图片 我连划页都很困难 ,主题：“共铸防疫心，同期春满开”设计思路：疫情当前，我们都应该做好防护，与病毒斗争，希望疫情早日结束，我们的生活会越来越好，花儿代表着旺盛的生命力，希望同学们都能在花儿一样的青春年华里积极向上，乐观面对生活。疫情防控，从我做起，人人有责，人人负责，寒冬已去，春暖花开!我们定能打赢 ...,居然已经坚持做手账一周了！ ,想问问黄皮选哪个颜色吗？这件小花嫁lo我真的喜欢，爱住啦！裙摆细节真的好喜欢，谁不爱，是八月望家的！真的好绝#Lolita原创设计[超话]# ,  //:不会画画的摄影师不是好设计师欣赏 技能大全，小眼神超得意～ ,我们宝怎么这么厉害//: 好全能喔  //:不会画画的摄影师不是好设计师欣赏 技能大全，小眼神超得意～ ,我真的会笑 导师说服装专业怎么写论文 每一个版面都要精心设计 不是在论文里插图片 是在图片里放文字 ,我想要耶！//:还有一个鲨手  //:你们还想让设计师出点鲨啥?,恭喜关于设计这个行业再次被注意到了，如果有人去反应问题，说明这部分人确实看到卫龙的包装设计之后产生了一些不适感，觉得色情、低俗。其实我自己也经常吃卫龙的辣条除了炸眼之外没啥其他感受，至于低俗和色情这是一种个人观感。然后我想到为何杜蕾斯（或者成人用品店 ...,来蹲蹲lp案例都在相册 , xz 我们肖战会的可多啦，会演戏，会唱歌，会画画，会设计，会摄影，会做饭，会写作，真是啥啥都会咋就这么优秀捏,太让我佩服了//:不会画画的摄影师不是好设计师欣赏 技能大全，小眼神超得意～ ,一场精心设计的豪门盛宴， 记者扑门而入。 “请问，陆总，你们是什么关系？” 陆沐擎优雅的搂住她的肩膀，温润而笑，反问：“我们在一起了，你说是什么关系？” “请问炎小姐，你不是有未婚夫吗?你们怎么会在一起。” 炎景熙靠在陆沐擎的怀中，笑容妍妍：“我甩了他，没看出来吗？”,k. ,建筑风格：战乱炮楼风 , xz 肖战片场展示久违的技能，摄影师，设计师，都游刃有余我很喜欢肖战演的顾魏，真实，可靠，可爱  ,草，这个手套很专业i了盒用的这个刀也很有设计感…总之先斯哈起来 ,:
      温润如玉，自带高光  如果给这个颜色起个名字，大家有啥好建议啵？微信社群二维码请见评论区  ,:
      我喜欢收集各种战斗机类似角度对比的照片，这种角度一比，还是国产歼-10C战斗机好看一些，美国的F-16战斗机，早期的F-16A和F-16C还行，后来加装保形油箱后就不好看了。 ,接稿接稿案例 ,:
      【第一次在海外乘高铁】走进站内，终于看到多一些的人了。看到很多沙特人也是第一次乘坐高铁，很多女孩也纷纷合影留念。前往麦地那的很大一部分乘客都是去朝圣的。总行程400多公里，用时两小时。我看微博留言说铁路是中国承建的，列车是西班牙产的（核实一下？）坐上车后，还算稳定，依旧有一 ...,  //: //: 好全能喔  //:不会画画的摄影师不是好设计师欣赏 技能大全，小眼神超得意～ ,有会做卡册的老师吗，已有稿图，比例如下 ,   【今日场馆介绍—简阳文体中心体育馆】简阳文体中心体育馆为4500座中型乙级馆。建筑设计上以凤凰和梧桐为主要意象，以木色调为主色调，风格大气稳重。场馆内部设有比赛场地、贵宾接待室、新闻发布厅等功能区。体育馆将作为第31届世界大学生运动会柔道比赛 ..., 枣庄市规划设计方舱隔离点七处，其中六处已经开工建设，现有储备房间数量已经达到并超过万人40间的标准要求（枣庄日报）  , 临沂大学小学教育802再22年命题是加上了教学设计，这一点是打算向鲁东大学看齐嘛。 ,草//:艹这个设计方案稿//: 笑死大牙了//: 沉睡大陆你敢对老娘呵呵🙂,【上爱优牙，查案例】本期给你们介绍的案例来自：()  王芳医生简介：隐适美全球讲师，以“全科思维”进行整体方案的设计，尤其注重咬合重建、面型的改善、唇齿与笑容的协调。 这三则案例都是近期矫正结束的，通过合适的方案与医患的配合，收获了美丽的下颌线与好看的侧脸下 ...,☀️☀️祸兮福之所倚，福兮祸之所伏。大成功是靠大痛苦浇灌成的。大挫折是为大成功做准备的。小平没有三落，不可能成为总设计师。中大奖者，其后生活往往并不快乐。纵观人一生，总快乐=总痛苦。我们需要一颗平常心。得到快乐时，别忘形，后面有同样大的痛苦等 ..., ⚫️海报｜立牌｜卡册for宋亚轩 , xz //: xz //:不会画画的摄影师不是好设计师欣赏 技能大全，小眼神超得意～ ,呜呜呜可爱死我了//:全能打工人 不会设计的演员不是好爱豆,毕业设计又被否了，4.10交稿制作，重新赶图，重新画 , xz 肖战顾魏肖战余生请多指教不会画画的摄影师不是好设计师  快来欣赏 技能大全，小眼神超得意～🐰 xz  xzgg  zz  xfx  🦐  ,封在小区里Day12很多年过去了我依旧是一名简笔画选手  ,你现在看到的所有建筑，我刚来的时候，一幢也没有。 ,这个车子的设计好别致，颜色也非常不错，很难不爱,我刚才刷微博看到胡彦斌发文呼吁厂商易拉罐扣环往外开。我就去天眼查搜了一下，发现好久之前有人申请“外翻式易拉罐拉环”专利了，原来很久之前就有这个设计，不得不说，这个设计真的很人性化，可惜这个专利现在失效了 ,发布了头条文章：《万圣节背景绘制过程！教你制作梦幻般的城市！》        ,弹性期间在家画图，充实又自由，又是想辞职的一天。 ,自己画的，打算做成钥匙扣 ,每套都设计都很独特，都是不好驾驭的,【！】3月30日凌晨， 就包装文案被指低俗打擦边球一事致歉回应，称决定停止有争议文案包装的生产，同时进行版面文案及设计的优化。营销可以创新，但不能逾矩！用一些低俗内容博人眼球，不仅有违公序良俗，违背社会良好风尚，给未成年人带来负面 ..., 这个剧本设计动脑子了，很不错！,隔离第十五天，学画简单的画  ,原木风家装，实用简约主义 ,嘿嘿花一毛钱设计的签名 ,小正一直站着不累吗，当初设计的时候没有安装椅子是觉得坐着不帅么 ,今天又出糗了。想问问设计那种大四驱越野车的设计师，这个车必须设计的那么高吗？就是考虑过我这种虽然身高170+但是腿长还没个小葱长的人的驾乘体验吗？就是爬不上车、下来靠蹦的那种刺激感你们体会过吗？ , 请问有艺术设计的学长学姐吗我自不量力地来问一下，学校艺术设计收跨考生吗，我是理科生跨考艺术，一志愿北京服装学院插画431分，本科双非，想调剂到艺术设计的视传方向，这样有希望吗，而且我没学过设计和快题，请问调剂复试是要手绘和作品集都要吗 ,狗说高跟鞋大部分设计都只考虑了男人 , xz 肖战顾魏肖战余生请多指教不会画画的摄影师不是好设计师  快来欣赏 技能大全，小眼神超得意～  🐰 xz  xzgg  zz  xfx  🦐  ,喜欢这样的装修设计风格真是宝藏推荐 ,这么大的飞机扛了两个不中用的发动机，未来要靠一个还在图纸上的发动机（不知道出样机没，姑且这么说吧），真不知道设计方是怎么想的。,车田设计的两个黄金的千日之战真的是很好的阻止了黄金们的战力比拼可是目前为止千日之战根本就没有打起来过啊！！！！ ,不会画画的摄影师不是好设计师欣赏 技能大全，小眼神超得意～ ,把自己的壁纸换一种风格吧 ,小小摸鱼🐟 ,会做set的老师看看我！！！稍微白菜一点吧 ,“鹦鹉螺”贝壳杯， I. X. Köhler 完成制作。德累斯顿。  ,我们的 就是这么出色！//:不会画画的摄影师不是好设计师欣赏 技能大全，小眼神超得意～ ,  填下昨天的草稿坑～期待老公的新歌！！（因为还没设计自己的水印，就暂时不放原图了） ,插画来自芳贺あきな（Akina Haga），她也是桑泽的毕业生，目前从事标志、插图、装帧设计方面的工作，曾获得过川名润赏。主视觉设计师六月也是桑泽的毕业生。（浅叶克己先生，是桑泽的第十代所长（校长），现任所长是工藤强胜。2021年度新人奖获得者加濑透（KASE Toru）就是2011年毕业于桑泽设计研究所 ...,【Hayy Jameel文化中心】Hayy Jameel是一座位于沙特阿拉伯的艺术综合体，旨在促进艺术、音乐、电影和建筑等创造性学科之间的相互交流。   , 出设计学与艺术设计 理论资料 重点突出 自己总结 初试复试均可使用 ,生活不是为了赶路，而是为了感受路。  ,:
       顾魏各项技能大公开：“国际摄影师”、“绘画小天才”、“PS大神”、“健身达人”。咱就是说，还有什么是顾魏不会的嘛~     每晚8点首播。 全网独播，会员每周日到周四22点更新2集，周五周六1集，非 ...,Sweet Day🎂~©bubbie_illust ,如果两个人注定在一起，不管绕多大一圈依然会回到彼此的身边。男生头像只要结局是喜剧，过程让我怎么哭都卡通头像行。幸福可以来的慢一些，只要它是真的，如果最女生头像后能在一起，晚点也真的无所谓。 ,:
      哈哈哈哈哈哈哈哈哈哈哈哈哈哈哈原来电脑桌面是他自己弄的，不愧是你 ,俺家新房交房了虽然精装修，但之后还要找设计公司帮我们做室内设计。我：我那间风水给我摆好点我妈说她不信风水，但我初三的时候她经常通过“风水”来正面激励我：我们单元楼风水好，101、201的姐姐都先后考上重点高中。说下一个考上重点高中的就是301的我后面果然考上重点高中了， ...,:
       《余生请多指教》顾魏花絮里不仅会摄影、绘画、ps还是健身小达人，咱就是说顾魏你还有什么惊喜是我们不知道的  ,我崩溃，我大哭，这个学期的专业课全是这个老师，，，上个学期版式设计也是她带的，，她还对我们说了一句你们下个学期完蛋了😭我的天哪我眼前顿时浮现晓明哥说“我的baby你完蛋了” , xz  //:不会画画的摄影师不是好设计师欣赏 技能大全，小眼神超得意～ ,晚熟  ,越看越可爱 //:肖战真的太优秀了！！会拍照会画画会设计！身高腿长颜好！关键他还有肌肉！！,画包包！Ipad《Procreate时装画技法》   ,全能肖战，演戏话剧唱歌绘画设计…要是会娶我就更好了因为顾魏太优秀啦！,我要大喊一万遍：做建筑设计真他妈烦 ,设计师的意思：外圈宸字简化框，中间线条有楼宇的感觉，适合房地产经纪行业我看到的：一个铜钱，内方外圆[捂脸]。  ,“能够坚持做自己的人，他一定会有无限的可能”。蔡徐坤4 // :// :× 玩转多彩设计，诠释无穷魅力；风格不受禁锢，享受随心时尚。和 一起探索轻松格调，演绎潮流风范。,天！哪里可以买？好喜欢！//:,说实话设计真的太大胆了，实在驾驭不了,手帐素材01（炒冷饭）感谢   ,想起以前玩的插卡游戏，雪人兄弟都是那种忘的差不多了的了，魂斗罗超级玛丽那些就不提了一个叫冒险岛的，第一关捡斧头然后可以丢斧头，然后可以捡恐龙蛋可以坐骑，火龙、甩尾巴放电却特别像放屁的电龙、水龙、可以直接飞到终点的翼龙……一个坦克大战，轰爆对方的堡垒就算赢，还可以自己设计地图，那 ...,:
      球球！设计师能不能放过鲨鱼了！哈哈哈哈哈  ,  僅有的一張韓語專輯，韓國本土發行。封面設計有點偷懶，和《一個人》完全一樣。 ,设计师好牛哈哈哈哈//:捏妈设计师不管换啥工作都会被压榨嘛//:能不能教教我//:能不能教教我//:能不能教教我//:能不能教教我//:能不能教教我//:能不能教教我//:能不能教教我//:能不能教教,日本漫画家用纸做的纸杯📖和翻页📖有点太牛了吧  ,原来余生中多次出现的华清大学附属第一医院的LOGO是肖战本人设计的 ,记录这两天ps板绘3.293.30 ,一个小小的吐槽真的就是发现一个现象，可能都看到美工很赚钱是一个低门槛的职业，只要有手就行，然后就一个二个都去做，说真的，有些稿子拿出来买真的不合适，就用个现成背景，放上没有抠干净的人物图，摆上两个贴纸，就拿来买，真的客妹也不是冤大头啊讲真的，如果真的是想靠 ...,:
      又开始对lp的肉体爱生爱死，雨，救救我，救救我，救救我，我不能没有你。🥵😭🥵😭🥵😭🥵。 ,这外形也太酷了，好有设计感,国际 4A 广告公司奥美为爱乐乐团设计了一套全新的品牌视觉识别形象，以“在城市和乐团之间创造一种全新的关系为目标”。同时设计团队表示，纽约爱乐乐团的新Logo就像是“纽约市网格中的一个正方形，代表了无限的可能性”。你喜欢吗   ,【￥49.9】夏季防晒衣男风衣防晒外套钓鱼防晒服皮肤衣连帽设计，头颈全包裹，一体防晒，纯色潮流！不沾无责，网孔透气，高倍防晒！一件顶三件！快抢吧！夏季必备呀 ,一些简笔画 ,👉   🌸   愿你所得皆所愿，所遇皆所求🙏🏻🙏🏻 ,很喜欢这种设计，高清图好评！,最近画的中式恐怖和散图，腹肌那张有图片参考 ,:
      彪悍的人生无需解释，孤行的勇者不必设限！广汽本田全新电动品牌e:NP，续写的不仅是Honda的动力传奇，更将有望突破汽车现有次元。在“极”引无界乐趣中，“湃”领电动新风潮，广汽本田全新电动品牌所定义极限的边界，我们一起来看看。 ,妈妈子设计的礼物兔兔 ,蹲艺术设计学院研究生学长学姐，23届艺术考研生求上岸经验，求带 ,21212107石成玉: 设计非常好，我也提不出什么意见了，感觉都很好，我喜欢这个设计，但是感觉造型上不是很吸引我,《骆驼祥子》画了两幅插画 ,:
      长久佩戴耳机产生不适？何不试试： 人体工学设计，既轻巧，又稳固。重量仅为4.8g，围绕耳屏、对耳屏、耳甲腔三点精准优化堆叠架构，更贴合你的耳朵，轻巧舒适。「转发+留言，抽送一部湖光蓝色小米真无线降噪耳机3Pro」 ,tuulitea的产品包装，从心碎到宿醉 ,客单 ,是个无盈利的团，名片自己设计的，先简陋的发一发，刚刚约了稿子做贴纸之前在我这里拿过图的家人就不要二传啦 ,喜欢这个牌子的东西～～  //:这牌子在淘宝看过，确实设计感很强，但价格也不便宜……//:马一下, 朋友圈背景图 ins风｜简约｜清新 | 治愈系。如果不越界，就无法遇见另一个世界的规则和关系。如果想要崭新的关系，如果想拥有爱情，就必须越界，若是守住了界限，他跟你，就只能到那里为止。 ,装饰Tips：独特的窗花设计为房间增添了不少个性元素。 ,Angeleta 🇻🇳 薄荷糖味夏天 ,Five → Fiver ,库伊拉 别侮辱服装设计了,明天会发生什么？谁会知？珍惜当下……打卡晚安画师: ,被老婆勾引是我的命运我了解//:每一个动作每一个表情每一根毛发都是精心设计的勾引我//:,摸鱼产出李庚希生日版头+头像 , 开了两天天窗，今天补上，什么时候能解封啊 我想出去玩，我不想写论文 我不想做实验  ,放空————————(想画同人)(大脑画完了)(心满意足)(上手试试)(被丑到)(继续大脑画画) ,接litlink微偿 ,光夜好难选谁能拒绝一个会帮人挑房子的陆沉和做设计齐司礼我真的谢乙游不能娶两个么况且我又不能真的得到纸片人给我两个能怎么样你嘛（） ,有没有学幼师会设计教玩具的，如下图，取最低价 ,🤍 🤍#室内设计# ,约一个接高级水印框的劳斯 ,墨尔本 Sculptform 设计工作室（展厅&办公室） / 设计：Woods Bagot，摄影：Peter Bennetts ,有没有哪种设计 就是单开门 外面的人开不开只有里面的人打得开我真的很讨厌别人进我房间不敲门出我房间不关门 而且我的床还是上下铺 下床很麻烦诶啊啊啊啊啊啊 ,#色彩60天挑战赛# day30  素材参考：Anecho_shio ,:
      追随镜头，进入  的色彩灵感世界 青荠橙个性空间，张扬摩登趣味徜徉深邃莱芜蓝，开启沉静思维青春粉激发活力，跟随音乐律动在黑白之中，与自我对话📹 「Every good time has a colour」全新  系列缤纷上线抢先解锁代言人 同 ..., 渲染风有ls教莫🉑️有偿 ,md是什么命里缘分吗 天天想幸亏当时没学建筑然后建筑学子找我做相变材料的家庭恒温系统设计su不会拉不敢接 ,一口气把之前买的国产章也印了，手累蚕豆四联好好用，好几个颜色都好看 ,这些服装设计看起来非常的显高,谁设计的太猛了,做在电脑面前半天的成果罢了要学会放弃感谢景观设计守护我的春天 , Day30  主题周：火与远征 提着灯笼寻子的难民老妪 ,FIFA官方公布了2022年卡塔尔世界杯比赛用球，名叫“Al Rihla”，继续由阿迪达斯设计。Al Rihla在阿拉伯语中意为“旅程”，灵感来自卡塔尔的文化、建筑、标志性船只和国旗。新的足球和大力神杯在一起，见证第一次冬季举办的世界杯。  ,#处女作火烈鸟象征的自由 洒脱  美丽优雅 和有活力哈哈哈  觉得似像似不像觉得画的有些丑  又有点 那么一回事🦩  ,明天不一定更好，但更好的明天一定会来，请你坚持不懈，直到成功。2⃣0⃣2⃣2⃣年❸❻❺天打卡     89/365临摹图片源自【漫条思理】,想删还不能删 谁能想到我们毕业设计是病例 , 本次的世界杯用的Adidas足球，是往年做得最花俏的一次，已经被官方令名为Al Rihla，其中Rihla在阿拉伯语言中代表记录旅程的意思哦而且听闻这次设计灵感来自于卡塔尔首都的夜景，就不知道在比赛中踢起来、看起来有多美喽 ,:
      逛超话看到光头买的开服的古早QQ广告，想到它二测前（20年520）也整过这个活不得不说真是随处是梗（那时候未婚夫和小夏还没有公开出场呢，所以就没有他俩的）p4是当时的文案，味儿也挺冲的 ,就算和99无关…🧠的设计不是早就知道了吗（咒灵操术的少年blabla）被一个人设计跟被两个人设计有很大区别吗，之前喊五夏酱是被🧠利用的苦命鸳鸯为啥没有拆家姐反驳，因为事实如此是吗🥺 , 从花园空间步入室内，结伴的是阳光。 ,Cage，灯如其名，这个设计是基于玻璃和光的折射之间作为灵感。Egemen Kemal Vurusan ,一整个欧洲由我来设计了哈 ,麦麦高速铁路全长约480公里，自北向南分别途经麦地那、拉比格、吉达和麦加4座城市。2018年9月14日，设计最高时速为360公里的麦加至麦地那双线电气化高铁建成，这也是中国企业在海外参建的世界首条穿越沙漠地带高铁。至于列车是不是西班牙生产的就不清楚了。,老房改造，现代简约风格。前期在土巴兔装修APP看了很多业主分享，直接选了装修公司，后边和设计师沟通的很好，上门量房、出图纸方案和效果图，我们选择的半包，开工后项目经理很负责，敲墙、水电、木工、瓦工、油漆公司安排得都是很好的工人师傅，手艺很不错，按图纸施工，施工质量验收合格，质量我们 ...,本来说设计是自由的，但是又有很多条条框框。本来应该很符合我这种矛盾又平衡的人。但是我还是做不好。 ,这设计真的很鸡肋，找了半天生产日期请问我现在怎么才知道它有没有过期 ,:
      A Link With Universe新專輯「LINK」即將登場是38歲的A-Lin，透過38歲女性的觀看視角，用音樂與世界連結，暢談對世界的感受，如同疫情影響世界，使得人與人之間的連結發生鉅變，但音樂就是最好的LINKApril 8, 2022 A•LIN•K With You   ,据TrendForce集邦咨询研究显示，2021年由于各类终端应用需求强劲，导致晶圆缺货，全球IC产业严重供不应求，连带使芯片价格上涨，拉抬2021年全球前十大IC设计业者营收至1274亿美元，年增48%。英伟达实施软硬件整合，展现「全运算平台」的企图心，在游戏显卡与数据中心营收年增分别达64%与59%的带动下， ...,#速写60天挑战赛# DAY-30  ,全能老公顾魏各项技能大公开   //:不会画画的摄影师不是好设计师欣赏 技能大全，小眼神超得意～ ,灵魂画手online ,蹲个张真源手幅现稿 , xz //:不会画画的摄影师不是好设计师欣赏 技能大全，小眼神超得意～ ,虽然ty这次花后正好是我最不喜欢的模糊拉满但是衣服设计真的好康的……其实总体还是很满意的 ,太爱渲染风了有ls收徒莫有偿 ,又会拍照又会画画还会设计，身高腿长人瘦还有肌肉，长得又帅，完美啊肖老师,💖💖💖手工活来了在家就可以做手工，有组装笔，串珠子发卡，梳子包装，发夹包装之类的的简单容易，又好做的手工活，有些人都说不会做，没有一个人一开始就会做的，都是慢慢的学所谓活到老学到老嘛，你不去学，不去经历又怎么会做，想做的可以私 ..., xz  肖战太厉害了！私下里应该也还在用着这些设计软件吧，如果是我，不碰早忘记完了不得不说，肖战在哪个行业，都能闪闪发光 ,21212107石成玉: 这组的作品也很有吸引力，造型美观，设计图纸内容很丰富，还利用爆炸图来辅助表达，作品的设计很赞，绿建技术也很赞，每个技术都很贴合这个作品，排版也很美观。,？这人不会是设计师的怨种未婚夫吧 ,找一个长期合作的 一块作图 一块评价 ,:
      【投稿】大家都知道严/浩/翔/和李推两年前的战争，最近严/浩/翔粉丝又卷土重来，从昨天开始，本以为骂骂就得了，没想到有一些zz的粉丝咒错游戏了（麻烦bot带图一下）我宣布！李推和严丝时隔两年返厂的战争最大受害者是： “光一与一夜一之一恋！”（光夜玩家实惨） ,:
      我真的蛮喜欢折原志津子的风格的 , 爱，只有简单笔画，却比想象复杂，恨安定爱变化！ ,喜欢今天有点黑怕的小设计and下雨天的银杏好喜欢 ,还有什么是我们战战不会的？//:不会画画的摄影师不是好设计师欣赏 技能大全，小眼神超得意～ ,这个点可以约到新老婆嘛 ,尝试一下扁平插画人物 ,教大家用一次性手套做一个非常好玩的玩具  ,哈哈哈哈哈//:设计师的钱给wuli肖肖结一下啦//:不愧是你//:这边结算一下哈哈哈哈哈哈哈哈哈//:哈哈哈哈哈哈哈哈哈哈哈哈还要兼职设计//:肖设计师，真有你的！,  毕竟是大学时候就在摄影工作室，并且毕业后是一名优秀设计师的肖战啊！,一个横跨两年多的手工，也是一段持续了两年多让人一直在做手工的疫情……不过时隔两年多我的审美还是没怎么变，还是觉得好可爱啊！！疯狂给花花比心！！现在压力给到骚羊这边，看看这个14年开始的抱枕到底多久可以实现！[嘿哈][嘿哈][嘿哈]  ,很多情绪都是给自己加的戏，归根到底太把自己当回事了，但是在男生头像ta面前又太把自己不当回事了。当真女生头像正走出来不再郁郁寡欢的时候，回想起来，ta也就那么回事而已，大部分都是你眼里的光。 , 枣庄市规划设计方舱隔离点七处，其中六处已经开工建设，现有储备房间数量已经达到并超过万人40间的标准要求（枣庄日报）   ,教你用一张纸折火箭，假期和孩子一起玩   ,真的，辣鸡专业是真多，误人子弟//:这里核心是学生主导还是教育部门主导。我们国家是按学校划线，设计了专业哪怕就业再差，都能保证用调剂的办法让人去读。个人的就业前途并不重要。哪怕是清华北大这样的学校每年也是不分专业公布收入情况的。他们也怕高分生因为专业问题集体退学高复。,#色彩60天挑战赛#  day30素材来源violetalce ,『赠书 | 免费领取《你是自己命运的设计师》』 ,啊。。。原来罗朱和悲怆是一个人设计的啊。。。好厉害。。//:我觉得小罗和悲怆都很好看啊后来一直以为小九也是她设计的,宝贝！！！！这个徽章我是真的爱！！！！！！！能不能加个设计边框，找美工老师,分享图片 ,关于北京健康宝弹窗3如何消掉 如果你已经做了个核酸，但是健康宝依然有弹窗，可以卡一下bug就可以解除弹窗了。北京健康宝设计的很坑，明明没有问题，却老是跳弹窗。这个方法可以秒解除弹窗，不影响出行(前提是你确实没有问题)   ,每套的设计都很独特，都很有气质,:
      【请你们为民作主，请你们为捍卫国家的司法秩序好好调查此案】    天津市纪检委、滨海新区纪检委：向你们反映一下天津市滨海新区法院张伟庭长、崔忻婷法官在庭审过程违反程序定安的违法违纪行为。一是改写笔录，强行把“同意”字样打在笔录背面伪 ...,看到这条微博的你，接下来一定会巨巨巨巨巨巨巨巨巨巨巨巨巨巨巨巨巨巨巨巨巨巨巨巨巨巨巨巨巨巨巨巨巨巨巨巨巨巨巨巨巨巨巨巨巨巨巨巨巨巨巨巨巨巨巨巨巨巨巨巨巨巨巨巨巨巨巨巨巨巨巨巨巨巨巨巨巨巨巨巨巨巨巨巨巨巨好运的!!  ,密室拍摄 | 一个诡异的主题拍摄宣传照的时候大概了解了下，整个场地是一个回字形的设计，如果对风水有一点了解的话，就知道回字形为凶，这无异于增加了密室的诡异气氛密室名字《八音盒》 有兴趣的朋友快去体验吧，完了记得来评论呢   ...,作品由《布朗兔BROWNSRABBIT官方账号》此微博持有人《鑫作纺商贸有限公司》公司法人：《李鹏飞》原创设计作品 ，设计时间2022年3月30号 ，设计完成时间 2022年3月30号。 ,求檀健次签名抠图 ,车子的设计也是非常豪华,今日份工作结束所有的话题都围绕一个设计开心的事:1.设计解决了 2.图书馆可以落地了 3.文化中心可以提案了 4.可以去阿那亚了。我真厉害。 ,来一组气质霸气十足手绘ins风闺蜜头像！适合两人三人四人五人六人七人八人九人姐妹舍友们一起使用！超有意境有即视感高冷有个性温柔又甜美都有用上亲密无间友谊长存头像吧！也可以做女生单人头像哦！有无水印芬想右下角顺手安排！ ,Big Bang Integral一体式陶瓷腕表设计融合一体式结构、单材质及单色配色, 于腕间演绎浑然天成的美学魅力。这款时计作品如何实现一体式设计？首先，腕表采用独特的一体式结构,将表链融入表壳设计。其次，腕表通体采用单一陶瓷材质。最后，腕表提供四种全新单色配色供选择：靛蓝色、天蓝色、沙米色以及丛 ...,插画师野狗富贵～这个脑洞，这个配色绝绝子！太🉑️了～真的太有意思了❤️❤️名额不多了！定就对了 ,黑道少当家与萝莉的温馨日常（？）TV动画《组长女儿与照料专员》公开第二弹PV，将于2022年7月开播。【STAFF】原作：つきや(コミックELMO『組長娘と世話係』/マイクロマガジン社刊)导演：川崎逸朗系列构成：大知慶一郎角色设计：緒方浩美次要角色设计：森 和江主动画师：枡田邦彰　佐藤元昭　降 ...,抽奖来了// :这颜值也太可了吧？侧面圆润设计，更强交互～就问什么时候发布了  ,我觉得The Marvelous Mrs. Maisel可能是我这辈子最爱的电视剧！God！谁能想到都第四季了！还是那么好看！我只能说Lanny这个角色从第一季穿插到现在真的设计的太棒！ ,可爱风·马嘉祺浅出一下 ,蹲一个22考研广大艺术设计专硕，视传专业的高分学长or学姐，想买电子版教材，参考书，真题还有视频网课，有偿 ,#速写60天挑战赛# Day58 , 客订花束蝴蝶兰花艺设计  , 画风魔性又复古，现在广告模式是流行童年回忆杀吗？   ,发布了头条文章：《南卡Lite Pro2真无线耳机体验：不止无感佩戴，音质游戏更进一步》 南卡Lite Pro2真无线耳机的各方面都十分均衡，外观设计一如既往的时尚简约，耳机佩戴舒适性依旧出色，3.8克的重量轻如无物，即便长时间佩戴也没负重感，在运动时佩戴牢固不掉落。耳机在声音素质与声音延迟等方面有着 ...,一户一设计！北京老旧小区改造“38条”详解  ,做人不要那么敏感，也不要那么心软，太敏感和太心软的人，肯定过得也不快乐，别人随便的一句话，你都要胡思乱想一整天。或许太重感情的人，情侣头像日子终究不会好过，分分钟把 手绘头像女你虐的万劫不复。  ,之前大家都在吐槽191/192背带环的位置设计。刚好挂在左导轨的位置。想装点啥勾勾挂挂的。烦。 ,外观设计很好看,设计、裁剪、缝制……一双复古虎头鞋慢慢诞生了，有些复杂，慢慢看呦。  , xz 不会ps的医生不是好演员，顾魏还有些设计师的社畜技能在身上的 ,   是你们让我知道我不是单枪匹马是你们告诉我我有你们我有千军万马未来的路希望我们一起好好走下去你用音乐唱，我用笔尖写。文字设计&制图：🈲二改🈲去水印图🉑拿⚠️二传标出处 ,:
      🌿春暖花开 跟封面人物 🛋一起走进充满早春气息的生活场景里🚪 安逸、规律、温暖☕️与家人相互印证的家庭生活，🪐给予了彼此无须解释的肯定和巨大的平静 , 接接，手绘10 ,:
      对比库伊拉，我个人更喜欢沙丘的服装设计 ,哇 这个设计图好酷哦好期待！,蜜蜂鲨鱼，后面的各种鹅好喜欢哈哈哈哈哈什么魔鬼设计   //:鲨鲨你咋了！,修甲常遇的三大难题：死皮剪不到，倒刺反复长，嵌甲难剪到；贝印放大镜指甲刀，刀刃锋利无毛刺，镜面抛光工艺，刀口坚韧平整，贴合甲型防止剪伤；放大镜的设计，老人、小孩都适用，眼神不好不用怕，细节，贝印都给照顾到位了。 , 兴宁区与青秀区交汇处  民主路1-5  在广西水电设计院里面，出门就是BRT，离长堽路地铁站只有一个公交车站的距离，路边很多共享单车和电车。房间内设备齐全，空调洗衣机都有，厨房用品也都有。无中介费，招租女孩子哟，有意私聊 ～电话13657835470 ,职场如战场，弱肉强食。讨好型性格要不得。设计场景打造神秘和孤傲的人设勇敢一点不做老好人 ,【上爱优牙小程序，查案例】爱优牙掌握丰富的正畸案例库，你可以通过查看正畸案例，了解医生方案设计的思路，并预见矫正效果。  补过牙，做过根管治疗，还能做矫正吗？其实是可以的，补牙和根管治疗对牙齿矫正没有影响。本期为大家整理了两个相关案例：  1、北京牙齿矫正李志鹏医生：用全局观念制 ...,#色彩60天挑战赛# day90 浅代一下自设参考素材：人类观察机 ,:
      这款拼接设计的条纹圆领套头衬衣也推荐一下春天到了 单穿或者内搭都很好看面料采用的是🇯🇵奔时代商社的纯棉色织条纹面料 拼接的设计也比较特别 非常知性美这款没有翻单 卖完就完哈  ,xz  肖战可真棒//:不会画画的摄影师不是好设计师欣赏 技能大全，小眼神超得意～ ,好久没有记录工作状态了，今天整理一下。白天干活，晚上设计手术方案，这波疫情结束，又开始忙活了。加油，打工人😇😇    ,哈哈哈哈哈哈哈哈//:还有一个鲨手  //:你们还想让设计师出点鲨啥?,🍎+可自印禁商用！！🤗 ,又可以换新壁纸啦来看看喜欢哪张~ ,我也想去希望到时候疫情可以允许。  ,复试完啦~感觉怎么样呀 ,找个可以画POLO衫样机的老师 ,画了一天的设计构成和素描画到脑缺氧手酸[淚][淚][淚]每天问自己一遍：为什么学美术[淚][淚][淚][悲傷][悲傷][悲傷] ,接下来的你一定一路开挂！ ,上海浦东，最大的集中隔离点即将完工，设计15000个床位，位于上海新国际博览中心，就是每年CJ的举办地，收治轻症和无症状感染者。不过，会不会是最大。。。还要看四叶草会不会启动改造 ,就是有一个人在我这里约了22个稿图 约的时候价格都和她说好了 等做完了就找各种理由借口说付不了 脱了一个星期吧 今天来了就是说钱不够只有一半 后来还让更低 我就是简单的算了一下账 她又说给我跑单费觉得我这样加来加去的好麻烦 这个跑单费我应该怎么算合适 ,纸巾套市面上有很多了，但我还是希望把简单的东西做的更细节，开口藏了吸铁石，所以在放纸巾的时候不会有挤压感，提升一个使用体验吧，小设计和改进可以让简单的东西更加舒适，这让我觉得很开心。纸巾面料是加棉的有丝绒感的碎花～手感也细腻了许多，希望用美好点缀生活，一起过春天呀🌺  ...,接稿中  可约画  萌萌哒 ,设计师看的出来很用心去设计,【珍珠中的富贵花】金珠💛带着与生俱来的优雅和浪漫，有着金色的炫目光泽，配毛衣、西装、大衣，都是温暖美好的亮点🌟很名媛，很纯粹，整个人都会散发出高级感👍👍👍#珠宝首饰#  ,刚刚看完黑鲨5系列发布会，外观设计符合我的审美，我个人更喜欢黑鲨5 PRO，配置方面搭载骁龙8处理器、双VC液冷散热、120W超级闪充、磁动力升降肩键、SSD+UFS3.1磁盘阵列、144Hz高刷屏等，特别是这个120W超级闪充，4650mAh电池只需15分钟就可以充满，确实爽歪歪；音质高达86分，现在霸榜DXO，喜欢游戏手 ..., xz    //:不会画画的摄影师不是好设计师欣赏 技能大全，小眼神超得意～ ,小伙伴早点休息呀[报税]晚安咯 ,  之前就追了庆余年的电视剧，很喜欢里面的氛围，喜欢范若若和范思哲之间的打闹，喜欢鸡腿姑娘和范闲的神仙爱情。 哈哈哈哈，有点扯远了，这次看到庆余年的手游出来，果断玩儿啊！那还用问吗！  结果，远远超出我的想象和预料，画面设计和转场，都非常高清非常精致，人物 ...,野餐第二弹~终于赶完啦  ,F16是公认的最漂亮的战机、50年前的设计；歼十经过大改，战斗力更强。承认事实很简单。,这个左晃右晃的等人设计究竟是为何弄出来……很晕，真的很晕 ,手工DIY  ,5909 day16 个人头像设计草图之我像个怪物 , 金属徽章｜色温渐变工艺｜徽章渐变💫  ,扔一个摸鱼本的视频我是浪费纸张大王  ,能不能教教我//:捏妈设计师不管换啥工作都会被压榨嘛//:能不能教教我//:能不能教教我//:能不能教教我//:能不能教教我//:能不能教教我//:能不能教教我//:能不能教教我//:能不能教教我,设计中容易被忽视的强条，通用规范取消后如何执行？混凝土通用规范执行后，上述几条现行混凝土规范中的强制性条文解除，但实际设计中仍建议按照现行混凝规范的较高要求执行。（1）对于采用335MPa级纵向受力钢筋的柱及处于Ⅳ类场地较高的高层建筑的柱配筋率宜按照现行规范的较高要求执行，软件中默 ...,今日开心🥳分享五张新收集的手机和iPad壁纸 ,给你宝贝 🎁 ,:
      为什么中国大学开了这么多垃圾专业，却又不准转专业（希望很小）？ , 睡前30分钟 #每日一画- ,今晚正在炫饭，偶然发现几年前打动我的一件作品——它的美少女设计师，就在我家小区楼下开了好些年的实体店。果断提了家里的沃柑和刚买的香蕉去她店里一起炫橘子🍊聊天聊了大概一个小时，她其实很温柔健谈。对艺术和市场的追求，每个人都有自己的理解。未来一定还能走得比预想中更远，好棒！忍不住分 ..., 蹲一个最普通的那种手写字体水印 ,:
       肖战片场展示绘画、PS处理logo、秀肌肉，还有什么是顾医生不会的  ,设计师有心了//:救命了报警了嘻嘻嘻,宝藏男孩  xz  //:不会画画的摄影师不是好设计师欣赏 技能大全，小眼神超得意～ ,所以哪个智障设计的均码防护服，有考虑过高个子的感受嘛，我脖子都不能伸直 , 第一次尝试 闺蜜👭头像哦！  ,:
      20220330 《余生请多指教》片场花絮：肖战技能大全 余生物料☁️合集提取码：ksrzB站1080P ,保持微笑，生活还在继续🙂晚安💚 ,诃子裙#醉酒黄粱原创设计 ,【继续向星辰大海出征！】 中国载人航天工程总设计师周建平说，今年年内将发射2个空间站实验舱、2艘载人飞船，再将6名航天员送入中国空间站。据悉，神舟十四号、神舟十五号乘组6名航天员将在太空“会师”，共同在轨工作一周左右 ...,“蒙骗我们的，往往不是别的，只是我们自己的虚荣心。女人总是对爱情抱有不切实际的幻想。”“于是男人们就刻意设计让女人幻想。” ,别再做木质衣柜了。   , //:不会画画的摄影师不是好设计师欣赏 技能大全，小眼神超得意～ ,今天看到阿迪达斯发布了明年卡塔尔世界杯的官方比赛用球，不得不说，看完非常失望。我记得应该是从2010年前后，就开始流行和使用表面带纹理的设计，这样更适合球员在不同天气条件下的触球和盘带，因为增加了摩擦力，也更容易踢出神仙球。但从设计的角度出发，现在的足球越来越没有设计美感了，技术 ...,我就是特别喜欢这种高级的设计感,手作 ,托班里最活跃的三个小男孩，三霸，哈哈哈，放学后一起消耗一下精力吧，是捡垃圾比赛，还是玩泡沫，又或是叠叠高，都是各种设计比赛跟规则，好玩  ,为什么会给我推荐导弹设计…😳 ,朴实无华的第二张纸，很神奇，纸浆越细腻，出纸质感约好越好，只不过被学生说像是卫生间的草纸  ,这才是餐边柜加冰箱柜的正确做法，那么多年的装法都是错的。  ,懒的搞水印就随便摸了一下秀一下扣了一个多小时的玫瑰花，扣图是真的要命，手幅不用模板设计真的要命，感谢给我提供图片的姐妹，等我全部做完在一次性放出来【这个我真的好喜欢】 ,其实前段时间那套alice unit的设计，曾经有一个版本是二次元但写实设计（后来迭代了所以没图），我给红心设计了电线腋毛。。每次想起都觉得色到不行。有没有懂的。。。我的一大xp就是体毛，为什么二次元美女都没有毛的，我立志要做二次元毛毛第一人。。。。 ,自带LED效果的涂鸦 ，都可以以假乱真了！  , 画完啦 ,想寻找一下机械上岸的那个工业设计工程的学姐能不能遇到哇另外求803资料 带价来 , 就是说我看弹弹烬出来之前咱到底能鼓捣多少绳子（快点出来！！！！！！） , 是哪 个  智    障设计的，收藏看不到分类我还收藏个屁啊！！！又是哪个   白    痴  发明的加载式查看，我不能精准查找我要你屁  用 ,此生不会和宿舍桌子的设计和解😀 ,重新定义城市高楼的生活方式「Fifteen Fifteen」坐落于温哥华繁华的市中心豪港，周围被高端住宅区所环绕，高楼垂直堆砌的个性立体打破了传统塔楼的风格，异于寻常地将高层生活的元素超横向发展。18个「Observatory Residences」的观景住宅单位造就了别具一格的悬臂式玻璃结构，它们向大楼的手臂向外延 ...,好那个啊老婆//:每一个动作每一个表情每一根毛发都是精心设计的勾引我//:,世人皆对他偏见与嘲讽，他却教我们温柔与克制。蔡徐坤6 // :// :× 玩转多彩设计，诠释无穷魅力；风格不受禁锢，享受随心时尚。和 一起探索轻松格调，演绎潮流风范。,带上你家磕巴，注定将来得磕碜，早晚的事。你们设计的我拿不到铁路大票，我也拿到了，你们让天津仲裁枉法裁判，你能让党中央听你们的我才服你们，这钱我就不要了，好吧213们//:打听一下，今年能翻天么,可以约稿啦宝贝们 , [報稅]  正常人很少有完美的我们因为不完美而不同也因为不完美而充满可能你用音乐唱，我用笔尖写。文字设计&制图：图源： 🈲二改🈲去水印图🉑拿⚠️二传标出处 , 会设计，会PS，会画画会演戏，优秀的肖战先生。我们共同点就只有喜欢拍照，会拍很多，会记录当下的心情和美景，却又不太晒图。但是总会没事翻翻，回忆。没错，是我们大天秤的特点啦~ ,    明信片案例    要求校园风红跑道草地蓝天    校园太难了就是说 ,最喜欢里面的窗户设计,1 我画给他的画2 简单完美的祝福3 第一次见到的物种4 未绽开就被我吊晒的玫瑰5 我喜欢玩的游戏模组6 复杂头疼的西装版样7 我最爱听的专辑8 很丑的软糖9 我很想要很可爱的黏土玩意10 我空荡荡的心 , 镭射票 |光与夜之恋  | 现稿齐司礼-暗涌 ,哈哈哈哈哈嗝PS设计，画画，肌肉，臭屁肖战, 培养具备服装设计、服装结构工艺及服装经营管理知识和实践能力的高级专门人才的专业。创立人沃斯，被称为高级时装之父   ,敲腻害//:不会画画的摄影师不是好设计师欣赏 技能大全，小眼神超得意～ ,手工打卡🦊今天一鼓作气缝完了一只 and我就是大笨蛋千算万算还是把磁铁缝反了所以没有耳朵了好几天没缝了主要是因为没剧看 今天突然发现了不起的麦瑟尔夫人出第四季了连看四集给缝完的！ ,国超设计的这些细节真的很戳人，好吗导演您多能多给几个特写镜头吗？长意那么爱云禾,好像是学了美术之后第一次正式贩卖自己的作品，想到收到红包的那一刻，我现在都还有一点激动我要坚持✊  ,很喜欢的小王子壁纸 ,网友们分享了生活中看到的精妙设计，有些想法也太酷了 ,【儿童房】一个揣满想象的空间～晚安 ,小米设计ok,全网分享我的壁纸  ,每次复工前就挺焦虑的，就不太想上班了，重新启动的各种宣传设计工作很让人焦虑…… ,条纹这款拼接设计的衬衣也很美。四种不同颜色的拼接和谐而富有知性，圆领的设计简单优雅，通勤或者休闲都能轻松hold住！,祝你今天收到的祝福语全都应验 （还是没学会上色）（本来打算某个时间发的但是那个时候在敲代码网页设计你欠我的用什么还） ,正常关节表面光滑如两块冰之间的滑动，本来设计是能够终生使用的。正常肌肉如刚出锅的糯米团。 ,简单好看的彩色拉花，快和孩子一起玩起来吧！  , 探索发现一周目通关，瓦豆鲁迪全拯救本作无疑是卡比系列最优秀的作品之一，美术和音乐依旧出色，而系列正作首次尝试3D的关卡设计也非常优秀，我最喜欢的是惊吓鬼屋那一关的设计。虽然一开始担心复制能力较少，会让后期缺乏吸引力，但能力升级系统弥补了这一缺点，再加上本作最大的 ...,客单|漫改 甜酷 风   漫改风   手绘定制  长期接稿 客图 长期接  出图快欢迎约稿 美工定制 私人稿件 勿用 ,接无偿！接无偿！画画新手，想接点无偿练练手，主打纸绘画风不定，单主都快来看看俺吧（随机挑选一两个关注我的大宝贝，搞板绘无偿） ,苯设计师又怎么了！！我真的生气了！！,约吸管套的稿子 ,快递里的泡沫纸别丢，拿来做花它不香嘛？     ,浅画一下男朋友 ,请问今年135108服装设计有调剂嘛？复试的范围有姐妹们清楚吗 ,荷氏玫瑰蝴蝶折纸挑战，保姆级教程来了，超级简单，快试试吧  ,:
      我理解更多人关心政策，因为我一讨论病毒学许多人就用政策回应我，但从病毒学和流行病学角度考虑，Omicron BA.2（奥米克戎）已经不是同一种病毒了，这对于所有处于疫情之中的大众而言，都是个关键信息。知己知彼，百战不殆。忽视病毒的本身属性的防疫战斗是盲目的。我从11月底开始研究Omicron病毒学 ...,今天设计的公司口罩小样出来了，于是跟先生一起卷了一下不同的限定口罩😷。关于这个春天，先比个耶吧，一切都会过去 , 出出现稿 可改字改其它换人物 ,补卡 day14 5059logo设计 ,表示好久没有制作小清新壁纸了~今天来一波吧~大家都是忙碌的 ，要“好好活”呀！ ,没本事做生意赚钱又喜欢钱喜欢的天天挨骂，不如睡死过去，免得醒来就有我对你们不客气//: 带上你家磕巴，注定将来得磕碜，早晚的事。你们设计的我拿不到铁路大票，我也拿到了，你们让天津仲裁枉法裁判，你能让党中央听你们的我才服你们，这钱我就不要了，好吧213们//:今年能翻天么,画1个小红帽 ,【企业运营的两大流程】--业务流程和工作流程一、目标不用业务流程：业务流程的重点在“做什么”上面，不仅仅体现出完成一件工作的先后操作标准程序，还明确指出了每个工作节点的负责人，以及他们的工作要求以及指向的企业目标关系。业务流程是为实现企业目标而设计的流程。工作流程：也叫作业流程 ...,有个一直以来很想问的问题为什么问价一定要告知约不约呢？还有婉拒也要告知无恶意  单纯好奇 ,“见路不走”——不是不走能看见的路，而是要实事求是的根据想要的结果去设计过程。很像研发过程中的DoE。 ,🈷️ 🈷️ 老婆嘿嘿嘿 ,全能肖战，演戏话剧唱歌绘画设计…要是会娶我就更好了！肖战太优秀啦！, 今天画的小插画休狗休狗又有什么烦恼呢 ,请了一个肖战，设计了剧里医院的logo，还可以给你来一首BGM，还有他的粉丝做宣发，简直不要太爽哦 ,:
      iPhone 14 pro 预测外形曝光，取代屏幕刘海，该系列将采用“挖孔”设计，由一个椭圆孔和一个正圆孔组成，分别对应 Face ID 感应器和前置摄像头，机体配色则为金色。 ,开发商设计的门的时候都不考虑后续进家电的吗orz，600的厨房门和生活阳台门我真的醉了，能放的进去啥啊，看个冰箱和洗衣机都缩手缩脚的 ,:
       ？？？？？设计师在线了。？？真有你的啊优衣库 ,  中文字体设计 by Xiang Hailong 项海龙 ,109㎡现代欧式风，时尚又大气。 ,:
       Georges Hobeika Spring 2022 Haute Couture｜春季高定系列，飘逸的裙摆浪漫气息扑面而来～🌺 , 艺术设计专业课高分上岸学长一对5全程指导 ,住宅设计｜设计师以折衷和令人兴奋的方式融合了当代和复古，在现代与过去之间创造着紧密的联系。它与大多数开发项目的属性不同，通常所见的属性是冷漠或粗暴的，而它却是温暖、可信和成熟。  , 翻了下，是2020年8月份想出来的键帽思路，再拖下去要2年了，还没做出来。好消息是这两年里也没人往这个方向去设计，坏消息是我找不到设计师能把这个效果做出来，现在就只能求助影视飓风那边帮我找找有没有大佬了。 ,:
        ,   “网恋选我我超甜，又骗感情又骗钱。”想谈一场甜甜的恋爱，却不慎掉入骗子们精心设计的陷阱。快来看清杀猪盘的真面目，莫让爱情钱财都成空。 ,辛苦了七个月，把房子变成了家，找工人跑建材 规划设计买家具……参与其中，总归第二套还是有经验的，期待下一套更完美  ,:
      黑鲨 5 Pro 真机图赏！从背面看，黑鲨5 Pro背部仍然采用了黑鲨代表性的设计语言，手机上背部为后摄三摄，别具一格的非对称式设计，拿起这个手机在大街上肯定一眼就能认出，虽然不知道这跟五彩斑斓的黑有什么区别，但是这样的背面设计甚至有点让我不想给它套保护壳了，帅的深得我心。 , 展览：第三届日本平面设计展时间：2022.4.2-6.5地点：桥艺术空间 , 新睡衣上的刺绣和狗子长的一毛一样🐈新给小猫猫们买了张小泉联名剪刀✂️有个花盆底座用完可以收纳起来外形是一盆可爱的郁金香🌷3月就要结束了，明天po我家的新改造🏠  ,拜托，肖战可是设计师出身的，小意思啦 顾魏好帅 ,#色彩60天挑战赛#        day150 参考：Anecho_shio今天稍稍水一下 , 案例 , 有没有宝教教我ios怎么换QQ的美化包有偿太想用美化包了 ,【太美了！】潮籍青年”有点帅的设计师“通过动画渲染技术，倾力打造美仑美奂的＂国潮风＂潮州古城，以极具代表性、符合现代审美的文化座标和文化元素呈现中华之美，传播中华美学理念。雕楼画栋，小桥流水，古城熙熙攘攘的人间烟火气，让人们感受到千古同欢的愉悦与享受 ..., 哥哥 小笨蛋哥哥  合拍的开关你是不是要开一下啊你会熟练掌握各大设计软件 不代表我一个理科生会啊 我学分声部去我学还不行嘛 你把合唱开开呀  ,以后多画画 ,#色彩60天挑战赛# day51 补卡原因：吞微博  素材参考：Yura ,不会摄影绘画PS的设计师不是个好演员, 永远不会忘记10个小时的过程加油！工具:iPad Air42022.3.30  , 🧡💚 「day17 单词组」今天手机终于修好，估计明天能收到 文创设计真的好难 ,原木家居设计 ,加班设计ing…  ,手机壁纸 头像 背景图手机就是人生第一台微单呀！ ,呆萌可爱分区iPad壁纸: ,【但我们从实验设计角度都认为Omicron这个病毒和其他SARS-CoV-2已经完全不是同一种病毒】,我就这么走//:哈哈哈哈哈哈哈哈哈哈哈哈哈哈哈哈哈哈//:你该读汽修专业 去设计空气悬挂,:
       “网恋选我我超甜，又骗感情又骗钱。”想谈一场甜甜的恋爱，却不慎掉入骗子们精心设计的陷阱。快来看清杀猪盘的真面目，莫让爱情钱财都成空。 ,喜欢插画课也喜欢你  ,收的进击队家寄的小裙子了！太爱了真的很好看！！很显瘦而且收腰也很棒!很显身材非常喜欢，身高164，体重116，背后的小设计不会漏很多，就这一点点就能让衣服有种呼吸感。裙子还没烫过，但感觉是非常好打理的那种，学生党也不担心会皱皱巴巴！！ ,鱼池景观水处理奥利仕鱼池过滤设备泳池过滤设备  ,嘻嘻。还是那位酷女孩。 ,:
        从2019年开始，  的人生就进入了一个新阶段，将近三年的时间里，《庆余年》《狼殿下》《斗罗大陆》《王牌部队》先后播出，话剧《如梦之梦》完成巡演，《余生，请多指教》也在最近登上荧屏。再加上待播的《玉骨遥》，还有正在拍摄 ...,就是勾引我，呜呜呜//:每一个动作每一个表情每一根毛发都是精心设计的勾引我//:,适合幼儿园孩子做的手工【鱼塘】  ,今天跟小孟是抽象蛋糕师他说下次去插画 ,那些“反人类的设计” 我们忍你很久啦！！！ 设计师出来我保证不打你 ,从去年到现在不停的修改设计方案反复的纠结 反复的思考 反复的看成品效果最近几乎隔三差五就要出门看装修带着宝宝真的累了累了一拖再拖到今天终于定下来了希望成品不会让我失望要对得起这么辛辛苦苦的一趟一趟啊 ,:
        🌙 梦回莺啭，乱煞年光遍，一声绕地游，回溯流光到秦淮旧梦中。芙蓉花下、初秋雨中，他们的故事揭开帷幕。——《玲珑月》广播剧第一季·第一集漫播独家收听🔗：见评论区卷🌸微博，揪一位幸运鹅送出「主役双签海报+明信片」一套，一位送出漫播季度会员 ..., ◾️海报｜卡册for马嘉祺 ,10级建筑设计技术1班首任团支书Paulina领了结婚证，高兴之余，往事再现。当年那个为爱痴狂的小姑娘，如今已嫁作人妇。千言万语难表祝福，即兴口占一绝，以示心境。无题--古曰成亲小登科，亚于走马观花阁？琳琅岂是山中物，早弄瓦璋笑呵呵！ 恭喜如愿，早弄瓦璋！ , 传世核心级蜥怪，很令人赞叹的一款玩具，在核心级的成本尺寸限制下的设计思路十分令人意外：大部分可变形的关节都是服务于机器人形态的球人偶环节，却在变形时成为了构成摩托车的重要变形组件，这让机器人形态除了背包以外几乎没有多余的零件，基本上重现了了G1隐者战士外壳作为单纯 ...,:
       【这些画面治愈了我的强迫症】来了来了来了！强迫症的福利来了！这干净整齐、排布合理的高铁机房线路布局和走线，就问你治不治愈？（视频剪辑：宋琦）  , ！！！ ,我喜欢收拾家，这是一种心境，收拾完特干净，会觉得很舒服。手绘头像女我觉得男人最大的时尚就是多在家待一待。其实把所有该回家的人都召回家，这个社会就会安定许多。现在情侣头像有多少不回家的人，不是因为事业，而是在酒桌上，歌厅里。女生头像如果晚上每个家庭 #情感语录 ...,专业对口的工作不是正常人应该去的(和理想差距太大，会被困一辈子的不快乐)，考编专业岗位几乎没有，公务考试必须得打败二百人成为第一名才能上岸，考研他们告诉我现在快毕业，错过了上次的正常考研轮番会很吃亏时间毕业设计冲突不太可能上的了211(等同于考研晚了)，so…真的，别说什么我一定可以上岸 ...,设计动画真让人头疼  ,大疆的遭遇，对于国产协同软件来说，不外乎是一种机遇。  , 电脑壁纸 ,日式MUJI风三居室装修设计案例   , 约了一套set，我想每个应援物分开开团，但每个应援物只开一次，老师说需要买断这正常吗🥲 ,通过对3Dmax软件，我们可以做出各种各样的模型。今天我们就来了解下，3DmaxVR5.0如何渲染#室内设计#  ,【大摩：在保证供应链方面，特斯拉遥遥领先对手好多年】大摩认为，特斯拉在处理供应链问题上比其他对手领先5到10年，而其之所以领先是因为自动化程度和不断改进设计。 , 肖战顾魏我喜欢你//:不会画画的摄影师不是好设计师欣赏 技能大全，小眼神超得意～ ,一组彩色墙面的现代风小家，客厅带点轻奢风，搭配现代的家具，冷色调显得非常精致。原木风在晚霞的滤镜下真的超级美，简单的墙面搁板装饰，轻盈的窗纱，精致的小吊灯，非常温馨舒服。 ,#BrushLettering[超话]# 差点忘记打卡u1s1滤镜真的太重要 ,29日，三星堆古蜀文化遗址博物馆正式开工建设，预计于2023年底建成并对外开放，你期待吗？  ,哈哈哈不会摄影的设计师不是好演员，说的就是你吧肖战  ,#室内设计# 当幸福来敲门的时候，我怕我不在家，所以一直都很宅！ ,:
      220322 🇯🇵官推.TWICE JAPAN DEBUT 5th Anniversary『T・W・I・C・E』2022.05.25 Release ,:
       宥宥授权的头像，打算做条形吧唧，细闪，大家觉得可么 ,原来广汽也有电动汽车啦！看起来也好酷炫呢设计好棒,:
      第12届“深绿设”全国绿色建筑设计竞赛入围作品-1312 ,早上先是看了好几节多伦多大学的PID设计课，没有字幕好吃力，然后和老板讨论方案晚上又是东京那边k8s的培训周六周日还有山端さん的课明天又要开会为什么我不会分身术我好累 , 2001美国费城交响乐团访华演出百年庆典音乐会主视觉设计 , 收获一个全能型老公顾魏！ //:不会画画的摄影师不是好设计师欣赏 技能大全，小眼神超得意～ ,右+1……我这么烂的人类究竟为什么会喜欢上这种劳模 //: 其实我真的很羡慕肖战，他能永远保持对工作的热情，而且不会有逆反情绪他真的很享受工作，不管是设计师还是摄影师还是演员我总想躺平或者逃跑,:
      一路小跑着，小小家的正片来了！这一期拍的屋主小小 每年花6000块在山上租了一套房子，爆改成了三层“小白楼”外加一个大茶室，同时拥有了和日本艺术家奈良美智的同款无敌窗景。不一样的是，这扇窗是小小发现远处的青山后特意打造的，“我在有 ...,:
       Pertegaz  Spring Summer 2022 Full Show｜简单的纯色和动物印花结合，刚柔并济的设计。🤎  ,我们 的烧烤店正在紧密的筹备当中。从她们到烧烤店了解情况，到招聘的设计，再到现在投票选出的最终招聘。。小朋友都积极的参与其中。有负者画招聘的，有负者做招聘装饰的，还有提前适应当小老板的。。。期待我们烧烤店开张以后的样子😂😂 ,卢布升值，导致我看中但没下手的一款俄罗斯设计师戒指直接涨了200+，我跟冯小唧抱怨，哎呀早知道就早买，还能省下200块。冯小唧说，没事，你不买就相当于少被骗1300哦。我？？？？？？ ,敏感肌也能用// :想说到底怎样设计物料才能不让咱涂粉姐们联想到解散呢，九个人的合同拼图当背景吗,世界上哪来的那么多一见如故和无话不谈。不过是因为我喜欢你，所以你说女生头像的话题我都感兴趣，你叫我听的歌我都觉得有意义，你说的电影我都觉得有深意，你口中的风景手绘头像女我都觉得好美丽。不过是因为我喜欢你。 ,:
      第12届“深绿设”全国绿色建筑设计竞赛入围作品-1311 ,90㎡复古混搭风设计，有异域风情，有居家质感，看着就有档次。   ,:
      舰载型歼35和F-22差不多大。做个四代舰载机对比，歼35对F-35C。*外形不准确，看个大概。 ,真的要疯了，初步设计草图一点思路都没有，谁来拯救一下我的作业。 ,“慢慢来 谁不是翻山越岭去爱”   ,最近上线要少了 每天都在画作业有事私信找我吧 我每天有空能爬上线看看 ,可爱风方卡·张真源 ,【 停止争议文案包装生产】 3月30日，河南漯河，近日卫龙辣条包装广告语被指打擦边球，引发争议。3月30日，卫龙官方致歉称，决定停止争议文案包装的生产，同时进行版面文案及设计优化。据了解，卫龙该版包装已使用6年。目前，漯河市市场监管局已介入调查。 ...,:
      《优雅永不过时》  ,:
      第12届“深绿设”全国绿色建筑设计竞赛入围作品-1313 ,手工外发，我这边有组装笔，串珠子，梳子包装，发夹包装之类的。简单又好做的手工活，有些人都说不会做。没有人是一开始就会做的，都是慢慢学，所谓活到老学到老嘛，你不去学，不去经历又怎么会。 想做的姐妹可以找我 ， ,  ,:
       好怪…好喜欢…… 再看一眼  ,定制成钥匙扣啦 ,  设计师肖战又上线了，我战全能人才, 张云雷｜吧唧➕文字“一生挚爱 唯有云雷” ,:
      把油画穿上身 闯入白色梦境随着气温转暖 衣橱里的色彩也越来越丰富把梵高的油画穿在身上浓郁的色彩表达着春日生机搭配极简浪漫的奶油白圆饼包转个圈 仿佛撒得满眼都是春意～👗：两三事👜：AbbottVintage ,这熟悉的ps界面//:职业病哈哈哈//:肖设计师，真有你的！,  广汽三菱相信大家都不陌生，这次广汽三菱推出新款纯电SUV阿图柯。阿图柯是广汽纯电GEP 2.0+平台打造的车型，意思是日系难得一见的非油改电的车型，从车型定位上来说主打年轻运动风。前面采用了三菱家族新的一个经典设计元素，酷似全新欧蓝德，两侧是经过熏黑处理的分 ...,:
      跪求你们都来看今夜打戏之外的长意。燃过了好几轮，留在心里的还是难受。长意学会了睹物思人、触景生情，下雨天想的不是“入水即焚”，是与她共度的时光，疗伤的时候握着已经被她刺穿的小海螺，希望能找到一点点陪伴的感觉，嘴里说着“她杀我骗我”，可是却连握剑的手都没了把握……你在心虚什么 ...,21212107石成玉: 建筑设计图纸比较饱满，分析图比较全面，效果图表现可以加强一下,Day61画得好可爱我很喜欢 , 蹲一个学长 学姐 美术学院设计方向135100代码能调剂来吗 ,谁说我们肖兔兔不好笑！脑洞超多设计师作品:《牙套》🐴: 我谢谢你啦！ ,:
      哪一刻开始，你觉得你必须要有一台纯电汽车了？方向盘在自己手里，但驶向的梦想有多远，怎么计算。广汽本田全新电动品牌e:NP来了，不只是产品，它更是制造、渠道、体验全方位的构建。极致无界，澎湃由你，期待广汽本田全新纯电汽车的到来！ ,天桥下的公园，旧城中的新生（上） | 中梁 · 明湖云璟 ,手头的坑和稿，码一下随时激励自己精细双人（3/0）草图双人（1/0）乔林QQ人（2/0.5）吉根男明星（2/0.5）柏安俩张日常（2/1.5）中秋子尧（1/0）给小屿画的四单乔（1/0）我他妈怎么在么多坑呕啦不活啦🥺 ,亲手画美丽的风筝！ ,不见上仙三百年的封面好看好看好看真好看！哪个天才设计的！就有种冷淡简约优雅高端大气矜贵出尘的气质 , 我们顾魏超全能！  //: 不会设计的摄影师不是好演员  ,   //:不会画画的摄影师不是好设计师欣赏 技能大全，小眼神超得意～ ,字体设计 我恨 , 出自己总结的设计理论资料包含一些重点信息 初试复试均可使用 涵盖中外设计史重点记忆内容 可作为随手记忆的好物 ,十年前和十年后客厅装修对比  , 又看完了一本书！人生设计课给了我很多启发！努力加油！ , 10完结。其实看完后一个最大的感受，是全程都让人很出戏不知道为啥~之前也说过原作我就看了开头没往下追了，虽然也能理解剧版为了基调更统yi修改了很多细节，不过我还是有点遗憾没有保留原作那种带着一丝恶搞的笑点设计~整部剧来说其实剧情是很完整的，有头有尾过程完整 ...,到底是哪个哈皮设计的神里绫人传说任务，追踪那狗屎消息探听的人那段设计真的是有病！！！我过了五次了！近一点远一点都不行！！！神经病啊啊啊啊啊啊啊啊啊啊啊啊啊啊啊啊！ ,做奶油胶 是我每天最快乐的时候 ,:
      vivo官宣X Fold、X Note成为博鳌亚洲论坛官方指定手机，vivo还将以博鳌亚洲论坛战略合作伙伴身份参与到4月下旬举办的2022年博鳌亚洲论坛年会。双方的合作，无疑是一个重磅消息。首先做个简单的科普，博鳌亚洲论坛是亚洲以及其他大洲有关国家政府、工商界和学术界领袖就亚洲及全球重要事务进行对话的 ...,设计风格很炫酷，立刻就着迷了,