cp的共号上线我以为是本人所以跑过去玩了一会儿，然后cp上线了(房间里面有他好友)，他说让我去换矮人摸摸头，我特别高兴的跑去换矮人面具回来发现他对好友(矮个子)发起了摸头然后蹲下去让人家摸头了。我有点不开心，又怕是自己占有欲太强了，真的好难过 ,来看一些好看的手麦🤤 每个es人都应该看手麦！！队服也有手麦！！谢谢点彩成画让我发现手麦的美丽 ,橙橙。。。😫以前怎么没发现你颓得这么美，被好心的醉犯关照要提心吊胆，被同事骂站在那里皮笑肉不笑 。。白大哥他人好好，你门都不管我的死活。。我是不是做错了。。橙橙是人生观重新构建中的菜鸟小警 ，要死前一秒才重塑完成。。。😫😫😫 ,回去听冬专 以前听不觉得 现在发现16年风风的肆意是可以从歌声里听出来的 ,事实上就是没有人能捕捉到完整的他，他的利他主义，说的话做的事，被传递出来的善良，只是我们不经意间发现的冰山一角。初期每个人最多也只是得到一块拼图，长时间下的陪伴和了解再送来一块又一块。众多小拼图慢慢拼凑起来的时候，你也只会发现还是构造不出完全真实的他。毕竟他的可爱与美好，镜头只锁 ...,:
      还是更喜欢会表达情绪表达自己的人，这样的人看起来更真实一些，距离感也没那么强。在其他人担心别人看法/觉得不成熟/不安全/怕误解/没热情/心淡了等等原因，恨不得把自己藏起来，最好喜怒不形于色的时候，他无所谓不在乎。某种程度上我把这种行为理解为赤诚，对生活对自己的赤诚。 ,这里不是南京这里也不是上海这里只是一个微不足道的小县城防控真的心有余而力不足发现第一例的第二天就封闭管理了但是实在是顶不住这么狠的疫情啊看看淮南吧 ,偶然发现学校有这宝地，我跟室友说好适合夏天的早上来背书啊，以后我暑假要来这背书，那么凉快安静，室友说这就一约会地方，你不怕小情侣赶你走吗 ,今天上完课我还卡在 微信通话里 长达一小时让上厕所也带手机的我 很惶恐 但是燕儿姐细心开导让我发现 原来我的新同学真的很不错！ , 激情上号五连抽紫星币 最后发现平均下来一个4.3 ,今年是我来到世界的第21个年头，这21一年里我发现我一直是个得过且过，忽而觉得自己还行，忽而觉得自己是个很烂的人。老实说我没有取得什么成就，混到了一种自己都看不起自己的局面，直到这一年我才彻底的发现我就是个彻头彻尾的普通的不能再普通的人。懒惰，拖沓，没有毅力，也没啥才华，更不知道自己 ...,突然发现小号关注的我圈太太更全 ,一些玄学存在的证据——翻自己微博的时候发现转发完这条之后，虽然《想见你》的电影版没有什么消息，但是《不期而至》发了预告片 ,梗多方向，平仑区👇👇只要给梦想插上飞翔的翅膀，它总能到达它应到达的地方。人生也像坐火车一样，过去的景色那样美，让你流连不舍。别让磨砺去收走了灰熊-马刺。渐渐地你会发现自己是何等的坚强！快乐是心的愉悦，幸福是心的满足。别和他人争吵，别和命运争吵，无计较之心，心常愉悦。 ,【】 2022年年初，北京市海淀区人民法院公开开庭审理了一件现实版的“盗墓笔记”案件。盗墓团伙的十余名成员分工协作、昼伏夜出在山坡上挖掘盗洞，进行所谓的寻宝。盗墓团伙成员落网后，警方还在成员随身物品中发现了一本手写的“盗 ...,其实每个角色都不止一个经典动图，但是我好喜欢他委屈脸哦个人的癖好，越虐越好看，而且会发现他情感戏情绪更深入了 ,:
      本日3月30日开始发售的最新专辑『Paradox Live Opening Show-Road to Legend-』网易云已上线广播剧合集(内容翻译中，近日上传) ,啊这…好像不小心发现了什么…(图源：两本不同的作品) , 大晚上，洗衣服，洗完了，才发现忘了放洗衣液T^T然后，不知道为什么肚子饿的咕咕叫，点了外卖后，又很困=_= ,2020年，医学发现占据了新闻的主导地位，但即使在大规模流行的情况下，天文学家们仍然继续他们的工作。他们通过无线电波寻找神秘的信号，发现了新的星系，甚至弄清楚哪些外星系统可能能够探测到地球。 庆怜 ,我发现，会玩的鬼谷子，牛逼且话唠 ,我们绿 保持住这个露额头的帅气发现 打破石坝楼锅盖传统,SOS……为什么我的输入法里没有这个黄豆表情包了……我真的好喜欢来着，才发现我没有了我真的会很悲伤OK? ,突然发现我没什么朋友 也没有很爱我的人 我的心突然就空了 原来我这么孤独 茫茫人海中就只有我自己 , 1 ,逛体服九寨沟发现好多小伙伴装了不思归，啥房号都有，大家有体服号的可以去九寨沟逛逛,我有留意到他不提cql这部剧相关了，用古装剧三个字来代替。其实我很早就发现了，前几天我还和老公聊过这事，其实很好理解：他绝对知道自己因阿羨而红，也很感谢因此收获很多人的喜欢，但一是他没奢望过自己这么红，二是既然红了，但这部剧带来的损失远大于红利，如果没那么坚强，可能熬不过2020年，所 ...,我发现那首歌我只会肖战的部分，完全没印象 ,【辅导作业一时气急 婆婆竟要跳江 幸被警方救回！】3月26日18时，重庆市公安局渝北区分局黄泥塝派出所接到一位女性报警称，自己的母亲与父亲在辅导孩子做作业的过程中产生了分歧，母亲一时想不开，疑似产生了轻生念头，当日18时20分，民警通过沿江搜寻，果然发现一名 ...,一大早，志愿者来敲门，提醒可以下去做核酸。然后，一家人赶紧洗漱好下去做核酸了。回来吃好早餐，继续工作。虽然最近几天家里菜不缺，但这两天还研究了下买菜，发现盒马和附近的一个超市都只能买蔬菜大礼包。叮咚买菜基本没什么蔬菜，有的也比平时，恩，价格，买过的应该会清楚。今天有群友发了 ...,偶然发现这个统计，不知不觉可被记录的出行旅程已3万多公里。因为疫情耽搁的这三年啊，一趟高铁江浙沪，一趟飞机昆大丽，虽有远行，确不再那么任性和疯狂。什么时候能再疯狂一次呢 ,【】据  3月29日晚，我市扬中市在“应检尽检”人员核酸检测中，发现1人初筛呈阳性，市疾控中心复核为阳性，经市级专家组会诊，诊断为新型冠状病毒无症状感染者（以下简称无症状感染者1）。3月30日凌晨对其密切接触者进行核酸检测筛查，1人 ...,可能我心理真的有问题，最近很火的一个吃播，OK她是很可爱，但能别突然剪到整个屏幕只留自己的脸吗，好作啊。。。能不能让我自发性地发现你的可爱啊。。。别凹了 ,谢谢您勒 低风险区上海撒女内 ,以前觉得维持友谊就是要互相理解、步调一致，现在发现实际上是需要一些适时装聋作哑的默契 ,不对 我发现我被这个🐶男人绕进去了你喜欢什么样的关老子屁事老子减肥谈恋爱快快乐乐嘻嘻嘻 你爱喜欢不喜欢姐姐想胖就胖想瘦就瘦谁也管不了 , 有人有没有发现派蒙的cv变了 ,还有比大晚上坏充电器外卖到了才发现买错了又买了个又买错更让人无语的事情嘛 ,:
       /  极好 756大家一起动起来人生就那么短，不要为了变成别人喜欢的样子，委屈了自己。该开心时开心，想发泄就发泄。过好自己的生活的第一件事，就是为自己而活。 , 在vx视频号发现一个没看过的可可托海视频，小鸣和小朋友合照，还拥抱了，小鸣人真好（重点是又听到了魔性的笑声）  ,准备拍一下潘胖胖的小碎毛头发拍着拍着发现了小锁骨 开心死我了  ,其实以后疫情管控最严的应该是北上广深各大省会这样的超大型城市，一旦扩散封城经济损失巨大。小城市即使发现，快速响应隔离经济损失可控。从另外一方面，为了对冲有可能的生物战，国家发展思路毫无疑问已经在往乡村和中小城市倾斜，过去二十年超大城市发展恐怕结束了。,捕捉春天去了一趟学校的药园 竟然发现了几株郁金香🌷好遗憾这个春天没有去解放公园希望疫情快点结束  ,重新看了《宫》，还是喜欢四阿哥和晴川，去b站发现完全没有he…于是我打算自己剪哭了 为什么他们没有在一起 ,    咋感觉跟我们廊坊这个情况开始时候差不多呢，小地方没经历过这事发现时候就已经传染好几天了，开始很混乱政府还压事情没如实报，都很相似，我们没疫情的地方封了17天今天才刚刚部分解封，大家都好难呀 ,今天网球课发球姿势得到小头爸爸老师认可 可惜角度差点 相信不久我就可以熟练掌握发球技巧下课回来还发现有奖学金拿 晚上唱歌唱得也好开心 但是现在好饿哦 明天还要早八 也不知道早上空腹喝牛奶会不会马上跑厕所 希望明天新闻编辑课老师不会把我的音频作业当众播放 明天中饭到底点什么好呢 好 ...,总要记录一下呀，是被自己锁在门外的晚上。为了充电动车，半夜跑下地下室，感觉钥匙全拿了唯独落下了家门钥匙，希望睡觉呼噜噜的爷俩能发现妈妈不见了，静待门开…… ,同样一个人，在不同人心中是完全截然不同的形象，你会发现其实很多东西并不是非黑即白的。//://: 代言人太帅了吧 和 一起喝奶酪爆浆球酸奶咯！,越来越发现一个人的时候自在多了，除了需要社交的时候，在茶水间的小阳台上练舞，晚上去操场听歌跑步，出很多汗感觉很爽，会快乐很多，这些事情我更喜欢一个人做，舍友喜欢打游戏打电话，我不打游戏更没有可以每天甜蜜腻歪的男朋友，多数时候时间都被摘抄和写日记打发了。以后再也不会觉得平时无所事事 ...,彻底破防了，眼泪根本控制不住，我爱亲情，我爱爸爸妈妈，  看完今晚这两集想下去遛狗平静一下心情，结果我妈追下来了以为我咋了(桌子上擦眼泪擤鼻涕的纸没收拾,被发现了)没忍住过去抱着妈妈吧唧一口亲了脸颊，然后说我没事看电视剧哭的哈哈哈哈，我妈一脸鄙视却又强忍笑意。(顾医生的求 ...,在某个热搜的实时里看到了一个说话很刚且一针见血的姐，没忍住点进主页看了看，然后发现是我同校同院甚至可能同专业的学妹问就是只有两个专业学IFA ,不抱希望地试着打开первый канал，发现网页居然好了！这次我一定会好好珍惜可以畅快无阻听有文本新闻的机会！ ,有人因为冲词条被辅导员发现了微博号，辅导员还看了那个人的微博日常，还约谈说觉得你疑似有抑郁症..... ,看到别人说，想尽情享受：春天 夜晚 孤独 音乐才意识到原来这个组合是“值得享受”的事情我发现美的👀去哪了提醒自己现在平凡普通贫穷的生活也可能会成为我日后无比怀念的“以前”要珍惜要知足 ,有个朋友经常爱在微博上瞎叨叨 虽然不是我喜欢看的内容 但是真的佩服她不害怕社死的分享 其实很喜欢看一些碎碎念 感觉很有生气 甚至关注了好几个不认识但爱碎碎念的可爱朋友 怎么每天想法这么多又这么可爱的 我偶尔也有想哔哔来来的时候 能存好几个草稿箱 发现自己话多的时候也很能说 emmm……啥也没干 ...,541【投稿】泥头车悖论，你是泥头车在轨道上行驶，突然发现有一个丧心病狂的kbfz在前方轨道上绑了5个经理人。此时泥头车已经来不及刹车了，眼看着5个温良的经理人危在旦夕。这个时候，你发现轨道有一条岔路，可以紧急转弯。然而令人绝望的是，在那条岔路上，也有一个中介被绑在了轨道上。那么，你作为 ...,:
       和自己喜欢的人结婚，柴米油盐都是爱的证据  ,没想到这居然是我圣诞ss露最后一张照片⚠️本来是踏青赏樱的一天，结果接到👵急救120赶去医院，可能回家之后露露就不见了，而我今天才发现，大概是🐰去了露星，把奶奶留在我身边了吧(๑•́ωก̀๑) ,:
      笑死，男人对蜜蜂的同情都比对女人的多   ,这部剧在我心里已封神！作为书粉作为男女主的欣赏者，我从官宣一直在等哪怕中间有战战的艰难时光也从没放弃等待。前面看到的大部分都是属于爱情的甜蜜与阳光，没想到最后发现我的格局这么小，这部剧简直就是三观校对神器！从亲情爱情友情哪方面都可以拿来品评拿来夸赞！余生一起走花路！yyds就是余生！,天台的风很亲切，呼呼呼的从耳边吹过，雨淋在脸上很舒服。我该回去睡觉了，不然又被他们发现被他们斥责被他们质问。 ,当你发现你无法释怀的在别人看来微不足道的时候，就真的没有说下去的必要了 ,要么颜值高，要么有才华，我发现这样的人才能吸引我，取其一我都可以，两者都有更好。 ,一个发现 应该很对男人们聚在一起也很八婆这一圈子里只要男生共友超过两个以上我说点事情马上圈子里都知道了哈哈哈哈但是他们又不会直接传到我这里最后还得是我们的共同女性朋友告诉我 ,今日大怨种：我和消防儿今晚打算去打羽毛球结果场地没开灯。然后决定去散步，特意去西区操场买了方糕一路吃着散步回来宿舍，路上下雨还被淋了！回到宿舍发现没带钥匙…里面一个舍友在洗澡她听不到敲门 我俩在门口蹲了25分钟！！于是无聊拍照有了这组照片 ,小时候对结婚 对婚礼有着无限憧憬长大后发现好像 只想躺平对结婚这种人生大事虽喜悦但也不会想一定要水晶鞋 公主裙即使我可能会没有完美婚礼但谢谢你让我有了完美手捧花 ,为了这又回去重看了遍1卷，发现スウォン杀国王的时候对ヨナ说的是姫而不是ヨナ，冷酷感一下子up ,远离一些朋友：对你说诸如“以你的智商这个游戏肯定玩不来”“我目前没有发现你的优点”“你需要我而我不需要你”等话。 ,笑得//://: 这都被发现了//://:三体jpg//:在我这一律以我编的为准//:正确的//:草！//:网络分享我刚编的人体//: 我编的人体像特么的外星人//:我编 我编//: 油麦,发现两只小狗在贴贴！ ,水逆又来了水逆这几天脸上下巴一直脱皮 昨天厕所堵住今天约了师傅中午修 结果外面的铁大门的锁被我扭断了 幸好有人给我开了门进去之后发现入户大门也开不了锁 钥匙孔里有断掉的钥匙 然后叫了房东换锁 下午发现附近2公里有疫情下了班赶紧去囤货 ,才发现差一个好友破200 加个室友小号 记录一下 ,连着大半个月，当你一次又一次斟酌语句，做好心里建设，求着你的老师帮你通过论文，而他口口声声的答应，说好，最后发现文章他根本连打开都没打开的时候，就觉得，我原来可以恨一个人可以这么恨…… ,我发现我只要连续两天人生没有正向反馈，我就会崩溃👌 ,我真的是无语，把饭圈那套用到影视剧不够，还要开始祸祸广播剧，怎么发现用流量演戏圈不了钱开始转移阵地了吗 , 【灰色“产业链”！：查获公民个人信息200余万条 】去年10月份，江苏泰州，民警在网上巡查时发现，有人通过“代刷人脸”或租售游戏账号的方式，帮助未成年人在某些爆款网络游戏中，无限畅玩。民警调查发现，“代刷人脸”实际上是利用某些网络游戏的“ ...,这些人这些事今天全部涌到我的脑子里面，我对不起的对不起我的，对我好的我对待好的，全都全部涌进来，我在抽丝剥茧整理坏掉的脑子的时候我发现只有你对我好，你对我最好，我也最对不起你 ,且听凤鸣 杨超越 凤舞偷亲君临渊被发现电视剧  ,总想过一走了之 发现根本没那么容易 ,发现椰椰收物超多了好多好多人 , 我以前看着这个动图只注意到了他的倒三角身材和细腰今天发现舞台表情管理也很戳我很欲，真的很欲[报税] ,今天在办公室大家发现台历上3月29日印成了26日，一个同事翻了翻发现11月的29日也印成了26日。11月29日，听到时竟有些错愕，我对八个月后的生活没有想象，只感觉这日子过一天是一天，不知会过到哪里去。 , 这都能发现,打卡第四天做了阅读和听力还有背了单词/越来越觉得读书这种事情一定要趁早趁年轻到了现在发现自己读书变成了很吃力的事情其实挺难受的在模糊不清的答案里来回盘旋纠结到了最后也确实没有收获所以还是希望自己用点心/ ,闲来无事翻翻微博 发现留下的回忆都很美好 果然生活是需要记录的 时光真的可以被定格 快乐也可以 ,太对了 我发现之前的我就是这么干的 屏蔽无效社交圈 屏蔽外界无效信息 关注当下 虽然现在偶尔也会焦虑 但跟之前比真的好太多了, 【 餐馆：该酒已返厂 事件圆满解决】3月29日，湖北武汉，网友发视频称自己在一瓶密封的雪花勇闯天涯中发现了一截小铁柱，并配上了自己拿酒的全程监控。30日， 餐馆工作人员表示，视频是真实的，厂家已经给 ...,最近发现一件事，我十个账号的头像（打个比方，不同软件加起来），少说有三五个是在睡觉,:
      啊啊啊啊啊啊啊啊啊啊啊瞧瞧我发现了什么 ,#studyaccount[超话]# 考研日记day014今天发现了一个很适合背书的APP，所以很长一段时间都在制作卡片，对自己接下来也有了更详细的想法，除了复盘其他的都定倒计时计时，这样就可以更好把握自己了，北京出复试通知了，希望小奶一切顺利 ,其实没有别的想法也从来都不想怪你冷静下来才发现情绪上了头谁都控制不住。发的很多微博伤害了你很多次有的时候我也有很多委屈我想大抵是我没有认真感受不到你的委屈才会这样吧对不起你不是渣男你是世界上最好的人我不是我负面的东西太多了所以每一个人都会离开我希望你可以慢慢好起来 ...,好想哭，我发现我很难笑了……为什么,噢 突然发现我都不刷朋友圈了 ,现在就特别想恋爱。是因为我不快乐不充实，所以我特别想向外借快乐，希望别人给我快乐。我曾经借到了快乐，但我发现恋爱也不是我真正想要的，恋爱也没法给我带来什么快乐。 , 吃完饭回家 路过优衣库门口 看到鲍师傅提前关门 渝都酒店门口全是警察和志愿者 准备去三福买东西 发现已经关门 有人在测核酸 然后警察大声说 快速通过 不要逗留 现在我害怕的很 因为我前天去三福买了东西  ,:
      【，均在泌阳】 3月30日晚10：30，驻马店市举行了新冠肺炎疫情防控新闻发布会，驻马店市二级巡视员谢李利发布了泌阳县疫情防控工作情况。截至2022年3月30日22:30，驻马店市发现5例无症状感染者，均在泌阳县，为上海返乡人员及其关联感染者，5名感染者均已闭环转运至省 ...,想思考会人生，却发现没啥好思考的 ,:
      宇日俱曾，精神病就别出来污染环境哦，青山🏥欢迎你们 ,47//:【喝0卡0糖饮料真的不会发胖吗？】 ，和团团一起来看看吧,这几天把《灵魂摆渡》又重刷了一遍，发现里面无论哪一集，女鬼都是一个演员，分别叫做燕燕，嫣嫣，艳艳，和各种yanyan。剧组缺经费真的到了一个地步……但是其实还好，可能为了保持女鬼的神秘和可怕，这个演员就只演鬼，其实我挺吃这个演员的颜值的，演技也可以。灵魂摆渡再吐槽它一百次好土，也遗憾 ...,看了看自己微博，发现自己大部分都是转发。鄙人没有文化，转发也是一句好帅，好绝，好爱走天下 ,每次周末化完妆，不是没太阳就是下雨，突然发现室内置景拍拍还是不错的 ,:
      魑魅魍魉的乔治 ,熄灯了才发现台灯没充上电!衰! ,“天好暖 太阳晒着柔柔的 屋子里开始热烘烘的春天真的来了 我想 春天是该见面的季节了好想一起去春游 去追日落 我发现我好像是藏不住爱意的一个人 话也好多 就想把有趣的一切都分享给你 说给你听觉得你好就直接告诉你 好喜欢你对朋友是这样 对喜欢的人应该也是所以 什么时候见面呢” ,我23:20上了个厕所，然后发现宝发了个dou，我上到现在啥也不是，睡觉 ,停电也太突然了 好不容易找到生日留下的蜡烛却发现家里没有打火机 正听着直播呢突然直播断掉整个小区都黑完心里真的会下意识一紧 ,我讨厌我的高中 由内而外的讨厌高一去了一个人都不认识的新学校 因为自己跟别人不一样所以我吃了很多苦头 那一年哪怕我保持沉默还是会受到很多的攻击高二好不容易转学了 才发现一年时间真的改变很多 我以为会好起来 其实并没有 我只是更烂而已还好有我的朋友们 她们是我唯一不愿意跟过去割舍的感情  ...,到了一定年纪，才发现世界上不是什么东西和事都有答案，唯有选择或被选择之间而已，但还是得追逐前行。 ,昨天下午两点半才睡醒 睡醒的时候发现麻麻👩打了好多电话一个也没接到 然后睡醒了就赶紧回电话了 眼罩还戴在头上没取 我妈：你怎么像在做月子一样  我：………………………… ,:
       人家偶遇李现，我只能点开视频看他一遍一遍，急死我了，你倒是上去啊留下了心酸柠檬泪  ,做眼保健操的时候我用余光看见他在看再看我 我想要核实一下是不是真的 忽然转头 他没有躲避我的目光 我读不懂他的眼神 我心虚的扫了一下自己 抬头发现他还在看着我 他青涩的笑了 ,这个小细节我没发现……呵呵…没关系……我可以再死一遍//:,:
      3月月总 p8是因为暗恋对象穿过印着这个封面的衣服（好像是吧本来不了解这个乐队  结果意外喜欢这套专辑 还重复了很多遍 ,54//:【喝0卡0糖饮料真的不会发胖吗？】 ，和团团一起来看看吧,我发现最近睡觉怎么总咬着牙睡呢 ,突然发现我已经离不开我的游戏机和吉他了 ,小时候偷偷喝了百草枯，被我妈发现了，赶紧送去洗胃，笑死，坟头根本不长草 ,我以前废话好多，我现在废话也多以前废话都放在了朋友圈，好多朋友捧场，可能我的性格变差了，可能我的差性格被发现了，我后来变成了快没有朋友的人了。emo住了 ,大晚上的爬进微博发现皓又上热搜了我愿意被溜真的我很开心 ,如果能删除发现页就更好了 ,既然我的家乡以这种方式上了热搜，那我也要为家乡发声。希望能够多给淮南一点支援，淮南的医疗实在实在太有限了。发现病例后的响应速度已经很快，所有的交通现在被切断了，生活物资和医疗都会是问题。小城市真的更需要被关注到！！ ,昨天游泳忘记拿毛巾了今天游泳回来整个包都落在游泳馆拿外卖回到宿舍看到衣架才想起来跑到游泳馆拿回宿舍打开外卖发现外卖也拿错了我真吐了这一天天的 ,发现大家或多或少都会有关于舍友方面相处的问题，这个时候我就想感激一下我和我舍友，我们六个人关系都很好，这就是大学生活给我最好的礼物啦有五个志同道合的朋友，大家有什么烦恼也可以说给小林听哦小林会耐心倾听并且保守秘密的 ,终于发现一个我和表哥不会吵架的游戏 大富翁 10玩着玩着俺俩都破产了 然后打赌两个电脑谁能获胜 ,只有不间断的相处才能让人不断发现新感悟对过去的回忆缅怀即使是好的但又不适用于长大之后的思维方式只有在一起才是有意义的话怎样才能做到一直在一起呢？ ,那天我发现本应只照着我的月亮  也照着别人 于是我心生妒忌 低头宣誓  再也不看月亮  ,:
      第一次在热搜榜前十看到淮南。  ,玛德，看到这条微博发现我没收到刘扬扬泡泡，原来我忘记续了//:今晚就梦这个了//:当你的爱豆男友在上班时间偷偷发消息给你：,他告诉我承诺就是个屁 在一起的两年时间跟他没关系  回头想想这两句就好像刺进我心里怎么也忘不掉 以前总觉得最难的是放下，随着时间慢慢过去 我发现最难的不是放下而是我再也没有勇气去爱上别人了  ,【为何上海阳性感染者在风险人群中发现的比例变高了？专家解答】3月30日，上海市疾控中心副主任吴寰宇表示，在开展确诊病例和无症状感染者调查处置时，扩大了风险人群的筛查范围，在这类人群中发现了更多的阳性感染者。此外，针对聚集性疫情传播链、重点场所和重点职业人群进一步加强筛查，这也提高了 ..., 善于发现别人的优点，并把它转化成自己的长处，你就会成为聪明的人。善于把握人生的机遇，并把它转化成自己的机遇，你就会成为优秀的人。善于捕捉健康的元素，并把它转化成自己的幸福，你就会成为富有的人。借人之智，完善自己；利益他人，精益求精；学最好的别人，做最好的自己。,🤗哈哈哈哈哈哈哈哈哈哈哈 不了解他的时候 根本没发现陈凯文 陈纫香是一个人 看了追哥的时候才发现我靠 这居然是一个人 当时都惊了 ,:
      ➗🧵☝🏻⬇️ ,哈哈哈哈//:被发现啦//:忍不住上线偷看一下坚果女鹅,后来发现是他自己觉得帅气才贴的哈哈哈哈哈哈哈哈哈不是李羲承本人我倒立洗头,研究了半天去哪旅游，到头来发现家快回不去了。 ,昨天遇到件事挺烦躁的，恨不得想找个人骂那种，一直在自我克制，不要影响到其他人，然后刚好怨种朋友找我吹水然后我瞬间发现不开心的时候如何快速开心---听到怨种朋友的倒霉事件还不止一件这个剑我必须要犯 ,刚开心的定闹铃，发现明天11-12点考解剖 雪上加霜 ,我以为我有认识的人了，现在发现我还是太天真了，一个人挺好呵呵  , 才发现🦌怎么都被我分了就剩了两只不然还能捏一个跌跌撞撞奔向你 ,要睡觉之前发现夜灯忘充电 真的会无语又要熬夜 ,很负责任的说，淮南的疫情防控没问题，想喷的先闭嘴。凤台那个1号病例发现之后就让我们回家上网课了，当天早上就不给进凤台了，当天晚上就发通告说全市交通停运，第二天就连去凤台的高速都停了，现在连只苍蝇都飞不进淮南 ,8//:💚 💚 //://:  耶！就是这个造型！考古发现一张可爱的童年照,我发现我的记忆力真不行了今天下午忘了要跟老师说明天安排晚上又问姚哥知不知道我曾经说过的某件事又忘了答应zyy要刷抖音可是我晚上啥也没干看来以后研究阿尔兹海默症是为了我自己 ,我们曾如此渴望美团命运的波澜，到最后才发现红包：人生最曼妙的风景，竟是内心的淡定与从容。 我们曾如此期盼外界的认可，到最后才知道：世界是自己的，与他人毫无关系。戳： , 【？？】核酸检测可以尽早发现感染者，是疫情防控的重要手段。除了多次重点提醒的核酸检测采样前、中、后的注意事项，还有一点不少小伙伴也表示疑惑：做完核酸检测后口罩要丢掉吗？怎么扔，扔哪里？另外，疫情防控期 ...,那些美妆博主我就没发现一个鼻子长我这样的什么修容教程我觉得都不合适我！虽然大家说这样的鼻子有福啥的，但是他丑啊啊！我每次p图必p鼻子！！！不发侧脸也是因为鼻子不好看，所以一定是找不出能夸的词了才说有福的吧！！ ,成佛大概是知道一切的规则，以此为思考的基础，指导实践。而熟知规则的过程，从少到多，从无到有，从已有的结果类比得出的真理，验证时间长，具有太宽泛的共性，所以目前道家佛学心经马克思主义都有这种特点。无真理不被发现的一天，也无真理全被发现的一天。验证的过程，像是一种迭代，初值给定， ...,一开始觉得冷酷的人靠近了才发现很温柔 ,一直认为喜欢上一个人很简单，却忘了心动才是开端……才明白真正意义上的喜欢是怦然心动而不是好感所带来的错觉。坚信的觉得不会再期待什么感情的我，才发现原来我还是很期待让我心动的人会是什么样子的～  ,在远方的时候会想起妈妈做的菜，当我在外地去做菜那一刻才发现原来两个菜要做那么久，好爱她，每天给我做可口的饭菜。,使人成熟的是经历而不是岁月。小时候觉得酒很苦，不明白为什么大人那么喜欢喝。长大后发现，比起生活，酒确实甜了很多！ ,翻着19年的照片发现那一年真的去了好多地方，石家庄、天津、新疆、广州、成都、还带爸妈们旅游、跟同事们BBQ。这疫情什么时候能过去，今年的目标就是继续带着一家大大小小出去玩 ,陆寄北，对不起。我明明和自己说好了，不能以爱情的方式喜欢上你的，可是我食言了，我发现我真的好喜欢你，昨天我看见你和别人用着情侣头像，我心都碎了。 ,突然发现90男星神奇属性:洋:适合独美，适合宿之高墙去欣赏，不要去其他物人去修饰。现:适合处男友，帅的接地气，即有安全感又有荷尔蒙吸引力。白宇:适合做知心，蓝颜知己。亲和稳厚。一山:适合做损友，做兄弟，做男闺蜜。 , 【机票白菜价？广州飞上海机票仅62元，】近日，网友发现在多个购票平台，机票价格“大跳水”。某购票平台查询显示，9日和10日，广州到上海票价仅62元。然而，近期有网友反映上海一百货公司售卖的白菜等蔬菜价格“太夸张了”。从网友发布的 ...,回了趟学校 发现了个好地方  ,最近最大的收获就是发现了自己以前没有注意到的幸福一定要自己去定义幸福！！！ ,:
       深夜发点西城兔疯啊好想养一只兔兔啊 ,这个超话从今天起改名春和景明了 还有人不知道春和景明大top路过的蚂蚁都嗑一口吗我发现我已经不止是fw柚子了 苯人现生还没男生会嗑哈 ,笑死我了 打开Ｂ站发现更新了 点进去是四代小孩的cover 估计才上小学 感觉在看我侄子在唱歌 ,心安便是归处我们是彼此 虽然吸引我的总是热闹好玩的的人 但我明白 只有沉静温和的人才能拿捏我 当今的世界盛产刺激 能带来刺激感的人要多少有多少然而想拥有一个让我平静的想起来就心安的人那么难 过尽千帆皆不是 热闹之后转寥寥一一终于发现 原来自己最想要的是归处是能接纳我这只海鸟的泊 ,我只是想看看你什么时候发现啊 ,哈哈哈哈//:当男性突然发现自己是自然界里第二性时的反应,哥 我细看你自拍才发现 最近长相怎么往希腊少年方向发展了,:
      太好笑了这是彻底不装了吧🥰无数次对工具人妄加揣测 贬低与下头共存 辱骂与磕药并行的wpghmfs们 ,被巨C抢夺了视线 才发现这个杂志的主题很牛诶 然后选择他们作为代表封面,:
       【22/3/30 雪管】  想可爱死谁  我现在就准备190的麻袋去抓撒娇精 ,程让不挑食的时候我就差跪下求他祖宗你吃一口吧，现在不挑食了，我发现还是挑食点好，已经养不起了。 ,救命🆘我发现自己的韩语听力比英语听力好不知道过去六年都学了些啥 ,:
      今天恍然间看到妈妈的白头发，想到了一句话：“其实她这辈子，就是在拼命把你觉得好的，给你，都给你，爱得不知所措了而已。”叛逆期的时候，总觉得妈妈什么也不懂，不懂时尚，不懂潮流，不懂妈妈为什么总爱唠叨。那时候的我们逆反，固执，一次又一次地伤害，让她深夜偷偷掉眼泪。成年后，好像就 ...,交完盲审论文后突然感到空虚，漫长的八年好像终于快要迎来她的结局。今天和室友讨论了拍毕业照穿什么衣服，我对毕业这个词有了更多具体的想象，曾经以为她很长，踏进校园的时候我们才十多岁，等离开这里时才发现快要老了，身边的一切都在加速，除了我自己。 ,崩溃，检查了无数遍的，还有数学错误，还是定稿后才发现，想死的心都有了 ,我靠 我刚发现 我好像可以pl图片 ,这几天情绪波动很大，又是pms，激动又着急的心情中等到姨妈的到来。又是，一堆破事，其实，我的工作吧，钱少事多离家远。但是氛围我喜欢，就是氛围感。了解我是个知足的人，但是当你要求越来越少的时候，你发现上天拿走的却越来越多了。所谓的，普通，简单的生活，现在都是个梦。难，太难了 ,〖68〗OATOAT燕麦饮12瓶   我们总能发现自己总是深受这样或那样问题的困扰，人生总是充满了矛盾和缺憾，我们常常会发现，自己感兴趣的职业，其发展空间有限；那些存在着巨大发展空间的行业却往往并不适合自己。 , 3 ,:
      问：威尔斯密斯打人是谁的错？答：中国的错。 ,我以为没人要的，明明唾手可得，正准备去付款时才发现没了。以后看好了就买吧。别的东西没买到只是会遗憾一会儿甚至高兴省了钱，这俩没买到我觉得亏了一个亿，哎算了，睡吧睡吧 ,:
       【图片】220329-220330 <潜迹>相关 5P节目组工作人员更新，根据其文字，今天大概是第三天拍摄🎬另一则不重要的信息：潜迹是保时捷赞助所以99.9%会看到秀秀开跑车哈哈😄 ,拖延症的后果，最后关头才发现要用的数据处理完不是好的结果 ,emm，隔壁市发现一例上海回来的，我是真的会写//:啊，这是可以说的吗？我只是转一下应该没关系吧。其实真的很多地方两年多没有疫情了，也有很多地方的防疫措施因为有了经验越来越灵活了，但这次搞成这样全国疫情到处爆，我真的觉得好难啊,今日emo：突然发现自以为已经放下的事只是自己暗示自己已经放下了。 ,这本书特别好看！非常治愈！就是希望社会对残障人士更好一些！想看别的本才发现作者喜欢写男主身体部分都不太好 , “游过这片海，我们会变成更好的小孩”p2的字是亮亮的那种，不知道你们发现没 ,发现自己有朋友圈po图恐惧症 ,救命画了两天一直骂骂咧咧锯齿怎么这么大，结果发现画布开小了。一些想死。 ,张佳慧小剧场(忘记多少了哈哈哈前几天佳慧买了十八个蛋 十七个分给了她的妹妹们她说：最后一个留着自己吃然后发现没有给到我张佳慧身后有十八个女人 ,笑死啦//:好的，看评论发现是游戏台词。等着。,我今天才发现我身边的人几乎都有大树来的 就是我一个人一腔热情单打独斗 但是也好 让我过了一种没有大树的心灵成长史 多付出一些试错成本而已 以时间换空间 虽然我并不笃信什么个人奋斗 但自己去摸索也蛮好 ,我发现我真的很奇怪，平时刷到吃播都直接滑走，在饿的时候再一个个翻出来… ,3月26日，浙江杭州。王先生半夜洗完澡出来看到女儿躺在床上眼睛却是睁开的，本以为女儿还没睡，结果无论怎么折腾女儿，都没有得到回应。王先生这才发现女儿是睁着眼睛睡觉的。王先生称，有时候孩子也会睁着眼睛睡觉，但是也有没睁的这么大，感觉还挺好玩 ...,想做春玄鳥的歌词 结果发现中日文水平都不够还是太菜了该多翻点东西 ,华为相机前置摄像头是怎么做到这么魔幻的是我没擦干净镜头吗~有特意擦了下呢其实 人忙疯了  慢下来  会发现快也好慢也好  都一样所以 慢一点  也未尝不可吧#情绪的自我排解晚安呀💤 ,我靠我怎么才发现我最爱的小说，广播剧终于出漫画了铜钱龛世yyds好我又想刷广播剧了我真的听了无数遍了我呜呜呜呜我的薛闲宝贝你老公我也好喜欢我靠我疯了 ,这两天接触到一个五千多条信息的数据库，笨拙地用Excel分析来分析去，颇有意思，燃起了转行的念头，结果发现数据分析岗位似乎也不是那么乐观今晚我们做了三个艰难的决定。 ,我发现了一件事。 ,想问一下，甜甜什么时候改的番外呀？今天一看发现和之前的不一样了。整个都改了。 ,遇到的人越多 越觉得真诚的人可贵不喜欢油嘴滑舌满嘴套路对谁都是一样的，廉价的就像大街上的传单走五米能看见十个。但是遇见的人越多也就越发现大家都一样，都不真诚 ,画到最后发现造型丑的一批 ,:
      直播途中自拍一张，并给你发来了消息口型“看bubble ”  ,特意囤了一个多星期没追更就是想一次性多看几章，结果作者也请假一个星期，今天点开发现就更了两章，谁懂，，，， ,今晚上拼真是气死了，一个地方拆了好几遍都不对最后发现是零件搞错了明明就一样嘛 ,发现一个人QQ空间是空白的，朋友圈也没开，这是什么神奇人物啊 ,:
      不为了什么，就没了自己面对任何事，都希望不畏【不畏】MV  ,苹果手机真的太牛了太牛了 防水防火 下雨天不怕 今天晚上去吃烤肉 吃半个多小时了发现手机在烤肉盘旁边放着 手机烫的不得了 当时我以为要爆炸了 放了一会儿发现手机没一点事哈哈哈哈 我这手机都是老款了真的太牛了太牛了哇哈哈哈哈 ,今天我发现自己被周围的人带的负情绪，忘记了刚开始自己只关注工作本身。然后开始跟周围的人聊，得出的简论是：我陷入了情绪的循环，拔不出来。而忽略了情绪发生的原因，当下人和事不满的原因，或者可以直接说对方为什么会针对、排挤、批判…是因为我触碰了他的利益，或者他觉得我触碰了他的利益，然而 ...,目前发现MG你的最好听，有点东西,追剧到27集，发现除了展翔和公公外没有一个让我看着舒心的角色。奇葩的剧情。  ,真好啊 前两天宿舍聊天发现整个宿舍都父母关系不和 真是笑死//:小朋友真的好可爱//:那个带菠萝回来的爸爸好好啊,1//:💚 💚 //://:  耶！就是这个造型！考古发现一张可爱的童年照,看了眼热搜，发现不认识的人越来越多了 ,“因为原来的卡尔觉得自己配不上任何人我觉得如果我答应了某些事和人发展关系总有一天 他们会发现我不够好” ,昨天早上醒来就觉得嗓子好痛 然后后知后觉发现感冒了 然后感觉头沉沉的 好久没有感冒过了 之前的药都放到过期\感觉什么也不想做 想一直躺着摆烂 但还有一堆事情堆在那里等着去做 累累 不想和别人讲话 根本打不起精神 只要一下就神游 他们就是嗡嗡说话什么也听不到 所以为什么网络可以看见不想看到的可 ..., 男友说他有一天晚上喝醉了，做了一个奇怪的梦，梦见自己变成了一只鸭子，一个接一个地下蛋。等睡醒了才发现满床的大便…… ,在微博上互关后才发现是🛰️好友but她现在双了我尬死我 ,本来不准备抽神里哥 准备攒一攒抽他那强劲的妹 可是在我研究了他的pv之后发现他好装b声音又好好听 犹豫了这下 , 我发现虽然我也会真心的感到其他メンバ真的好可爱真的好帅但是只把自担当成是自己家孩子 ,肖战这人绝对能处，他发现没整成合唱，竟然直接删除，然后再发一条新的。真好！一直站在你这边 ,我发现，每次跟会好好生活的人待在一起就会给我很多力量。比如我的新室友每天下班后都会去附近溜达，然后跟还在公司的我分享万家超市比沃尔玛东西卖得贵，哪里有打折券，钱大妈八点半之后会有很多大妈排队，还有一些面对回南天实用的小常识，一起把家里弄得干干净净的。好需要这些轻快的、朴素的、日 ...,下本不是考虑写《女配重生十八岁》吗？然后今天才发现原来高中就算成年了也不能在一起原本想的感情线看来是不行了可是改成大学又没高中的感觉了，尤其男主还是修勾直球类型，呜呜呜，让我想想怎么搞吧，太难了。 ,:
      好重（划掉）好可爱的大橘官！！！  ,每次都以为承受得起没有你的生活，事到临头发现终究不可以，那种孤寂真是令人恐惧，可是那又如何呢？毕竟我也有情绪，我也需要被理解，我也终究没有那么强大啊如此的话，那就如此吧。既然不值得你低下高傲的头颅，那终究不过是配不上你的骄傲罢了。晚安，是此刻的晚安，也或许是这些年的晚安 ...,我上厕所be like写论文的时候一手拿笔一手撑着脑袋 冥思苦想二十分钟后发现 o我还没开始动笔啊 ,今天去调研，其实最后我发现我是如此热爱之前的事业。希望他能好好做，我不知道该用怎样的办法才能拯救他。同志还需努力，我突然有种无尽恐惧，这种恐惧的心理，让我此刻无眠。我知道伤心难过解决不了任何问题。最终我只有强大自己才是唯一的出路。我做好自己已经足够，放过自己。不要去在意别人的看 ...,:
      【】今年受疫情影响，南京溧水区的傅家边草莓遇到滞销难题，单价已经下降到8至10元/斤，只有往年的一半。眼下大棚里新一茬草莓已经成熟，如果打不开销路，就只能烂在田里。目前初步估算，大约有10万斤草莓滞销，有打算帮助他们的企业或市民，可以和当地合作社联系。  ...,好的，当我终于整理好心情准备开始学英语，然后发现今天英语作业一笔没动 ,今天是认认真真喜欢小许的第五百六十六天。也是变成小许女朋友的第五百四十四天。今天聊了好多怕怕的东西，连着两天晚上睡觉之前都在想可怕的东西了，呜呜呜呜呜呜好想睡个好觉哇！要是小许在我身边就好惹，想和小许觉觉乐呜呜呜今天还发现了益生菌是真的有用喔！缓解了我的粑粑问题，好舒服 ...,想起来了…那个小时候跟我弟长得像一个模子里印出来的乙游男主是凌肖…（默）刚刚翻小号发现的… 就是这张卡… ,啊对，还有一个睡前感想：1⃣️今天熟悉的氪佬强娶绫人后第一时间非常执着地进我的世界秀一下……我本来看ta头像换七七，以为ta歪了……结果ta真歪了，强娶的……2⃣️晚上找陌生人萌新or小号钓鱼，发现很多人都出了绫人，但是那个，emmm，一些动作和卡住的画面，略微有点不大聪明的亚子…………结 ...,突然发现目前来说没有什么事情能让我为它洗一次头，就算对我来说很重要的第一次duty report、演讲都没能让我洗头，所以我讨厌洗头哈哈哈哈哈哈哈哈哈哈哈哈哈哈哈哈哈哈哈哈哈哈哈哈哈哈哈哈哈哈哈哈哈哈哈哈哈哈哈哈哈哈哈哈哈哈哈哈哈哈哈哈哈 ,打这次童话艾因线才发现没有一张艾因满级卡最高70级一时间非常愧疚（不是 ,我在小红书发现了一篇有意思的笔记，快一起来看看 ,做了一天资料，终于在5点多的时候突然弄完刚准备开开心心地跟朋友说我终于忙完了！的时候突然发现少做了两份资料 ,救了个大命从没发现小樱是这么好哭的番。 ,:
        女明星林之校 下班BGM适配度小测试，这么欢快的脚步当然配什么都合适啦，不信一起来试试   ,我妹妹昨天上吐下泻胃疼肚子疼跑到港大医院去看，医院只进行了抽血化验就说是炎症就让人回家了，结果回家吃药以后还是不行疼的厉害，第二天马上再去，结果医生还让等b超做核酸，等检查出来以后发现是阑尾炎已经拖延到胃穿孔了，然后从2点一直延到9点才做手术，胃里已经感染，手术不清理干净让自己吸收 ...,#studyaccount[超话]#Day31简而言之：我要结婚了！（写了半天文案发现又被限流了…… ,广播剧听多了发现后期大大们仿佛共享了同一个BGM池所以听到应景又新颖的BGM总会感到耳目一新 ,大晚上努力清理电脑内存中筛查大文件发现一个不知道是啥的视频一点开 昆池岩 😱吓得一个飞移叉掉 可怕记忆开始闪回就是说以后看完恐怖片一定立马就给它删干净🆘 ,【 头盔还是得戴好……】3月23日，金华一十字路口发生一起交通事故。摩托车驾驶员未按交通信号灯指示通行，抢黄灯后被对向左转车辆撞飞。腾空后，头部率先重重着地，而安全头盔已在空中脱落，没有起到任何保护作用。交警调查发现，驾驶员戴的头盔约束带被剪掉 ...,美美带飞了一个路人瑶瑶 让跟射手都不去 我还给反了个蓝 最后开麦发现是个男的  封心下线了 ,很难过的就是，下午跑1.6公里晚上训练跑步热身队伍跑的很快但我还是跟上了，觉得自己跑步有进步，美滋滋训练，觉得自己口令声音和流程都有进步，很开心。然后被吼着骂了。发现考证要求三公里女生17分钟及格然而我不行，要求口令声音洪亮然而我虽然进步但还是很差，要求四月中旬考证时间太短三公里根本 ...,突然发现我的头像是龚俊，已经用了很多年了……刷视频看见营销号说龚俊 一看图好眼熟……仔细一看我的头像…… ,我发现了，大半夜的不睡觉，就容易瞎想。只有晚上准时睡觉，才能拒绝深夜痛哭 ,2//:💚 💚 //://:  耶！就是这个造型！考古发现一张可爱的童年照,今天画了岛旗，并把岛歌换成了周杰伦。换完了才发现原来商店和服务处只要互动就都会放主题歌，感觉很快就会《简单爱》过载了……anyway，听西施惠唱我想和你骑单车就很愉快。 ,看了大家的之后发现浅浅抽一下运气好像还行没有重的 ,【】一项研究通过长期随诊发现：同样喝碳酸饮料，喝无糖胖的人更多，得糖尿病的人更多。医生分析，0卡0糖饮品比普通饮品更健康安全，我们觉得无糖会多来两罐，但，反而会使我们想吃东西，增加了肥胖、患糖尿病等风险，水依旧是最健康 ...,准备睡觉之前发现今天日推还没听🎵 ,毫不夸张地承认：最右说的是我//://:一直在争取做这种人 努力的不在意别人的看法 喜欢什么都明明白白说出来 发现别人的闪光点 承认自己缺陷 认识自己的有限 努力让自己活的开心真诚,就是说今晚犯了个大傻，今晚我妈有约没在家吃饭，于是就打算叫外卖，重点来了，因为我在加班，想着尽快下好单尽快送到我爸可以先吃，结果就着急下单完全没看配送地址，默认了送公司………一个小时后我在想怎么餐还没送到，看了下骑手的定位怎么越送越远才发现自己下错单了十几块钱的配送费我完全 ...,有时候真为超市感到冤，一样卖高价菜，超市卖80元的白菜被重罚，而小摊贩可以卖45元一根的莴笋，黑心菜贩坐地起价不正说明监管缺失吗？最讽刺的是今晚新闻播放市场监管局去某菜场巡视，发现菜价只是小涨属于正常范围由此认为上海的菜价总体上稳定，民生有保障我： ..., 低头发现一只求抱抱的小狗🥺 ,我发现为这件事发生的大多是女生，目前没看到男生，保安和领导大多都是男的，男的是真的很铁石心肠啊 ,滑大稽啊真的，我刚开始以为是个男童电影，看一半发现里面穿插了拉子成分，看到大结局恍然大悟！！这是个四爱电影啊喂！这是一些t0l啊喂！！！,妈妈卤的牛腱子连吃了两天的南瓜碱水 真的彻底爱上🎃嘎嘎我永远爱番茄一些路过的春天🌱早上醒来发现妈妈已经把花拿到我房间了 真好！很喜欢百合香青菜没洗干净 吃完才发现底下全是土不干不净吃了没病想念一些…晚安💤 ,一年了快，我才发现帝释天他觉醒过后有头巾的啊话说，拍照这个功能，真的很适合lsp崽崽们真好看啊 ,如果明天早上醒来发现我在上物理课，我一辈子都想被困在这个梦境里 ,我发现有些男的，真的就，老旧思想，说我在娘家坐月子不对，不正常，没几个在娘家坐月子的，还说啥我是没有弟弟，如果有弟，什么让我爸妈难做，我不懂事之类的，嗯～我裂开了，这是生活在远古时代嘛，新社会了，我想在哪，那是我的自由，我爸妈才不像你爸妈那么老古董，我爸妈很开明的好吧，轮得到你来 ...,焯 我发现我还有好多9377的糖没补 明天得补回来。。。 ,突然发现如果vx表情包也可以分类就好了和什么人聊天用什么样的表情包 ,2022.3.30      哈喽哈喽，我这里已经下好久的雨了，感觉每天都是阴天，最近天气好冷，每天早上不想离开我温暖的小被子！！！      但是开心很多～ 比如说下雨天蹭车车回家啦，比如说现在的氛围很奈斯，再比如说最近发现新小游戏呐，拜托～没人能抵挡做饭小游戏好吧，超酷的耶！期待 ...,哇哇哇 差点没发现,期待每一天的清晨，被动人音律唤醒我真的好喜欢我喜欢你男朋友很久了小行星 臣服 残次品 伪装学渣不法之徒 一级律师 某某 提灯映桃花 难哄 FOG破云 awm 默读解药刺青 地球上线广播剧 txxw687👈❤期待你发现美妙的声音唤醒心灵的自由。 ,    为啥没有官方报道呢？这么大的事儿，希望透明公开。,我找到失眠原因了！我现在入睡要依赖娃娃的小呼噜和他的味道，没这两样我睡不着。我还发现了一个特异功能，我脑子里回忆这种味道，想细一点，这个味道就能被闻见。然后我就一边回想一边猛吸……唉～我还是去找找孩子吧，孩子大了天气热了不要我这个老母亲了，而我需要睡眠 ,最近总是做些稀奇古怪的梦，大概就是托现实于理想中来慰藉自己，挣挣扎扎后醒来发愣，发现一切还要混乱着继续。 ,突然发现一大堆作业没怎么写还集中在周四周五ddlbelike：oh谢 ,:
      【】一项研究通过长期随诊发现：同样喝碳酸饮料，喝无糖胖的人更多，得糖尿病的人更多。医生分析，0卡0糖饮品比普通饮品更健康安全，我们觉得无糖会多来两罐，但，反而会使我们想吃东西，增加了肥胖、患糖尿病等风险，水依旧是最健康 ...,我发现一个正常的心态。如果一个游戏，大家都知道他一年后会进库或者说会免，那首发买的动力就大打折扣，除非真爱就不买等送了。所以其实还不如走极端，要么一直很贵（任天堂），反正一时半会不打折，那就不犹豫了。要么一上来就会免（微软），大伙就去买订阅了。 ,发现一位很喜欢的古风词人竟是同担，开心😁 ,今天发现了个好喜欢的博主 长得好可爱，每一张照片都是笑着的，我太喜欢咧着嘴笑了。整个人都开朗热情，太有魅力了。已翻她微博一小时。她置顶录的时间胶囊视频我好喜欢 ,回南天，鲨了我算了。。。墙壁偷偷长霉了好几天才发现，再来一次我当场跳楼 ,以前很内向还抑郁，而现在几年过去了才发现只不过当时太软弱，而现在却反而变得太强势。如果曾经我是个内向的人，那我现在就是另一面的极端。 ,在看我的导演男友的采访，结果发现，他的朋友思想更有意思（这是可以说的吗…… ,夜跑+骑行 打卡8。发现了夜跑的好地方  ,好不容易上了床发现已经快十二点了，本周第一个和自己独处的晚上，匆匆忙忙，好累，好想睡一大觉，再坚持两天就可以了。 , 收拾书房发现了一个久远的U盘打开发现是2016年的法考课件打开看了10分钟仿佛又回到了当年没日没夜的备考岁月时间真快 ,发现 有的人太看不起我 有的人太看得起我 ,我也是直球选手 我发现 ,在宿舍翻出了女票两年前送的巧克力。当时因为拆了其中的一个口味，尝了口太甜了没吃。今天试了下其他口味发现还不错 。 , 【太危险了！小车抛锚，四人竟在高速主线推车！】浙江宁波，一小车高速路上抛锚，车内人员误以为前方是收费站，便决定推车下高速。交警发现情况及时赶到，对其行为进行安全教育，并处以罚款200元记3分的处罚。   ,发现自己有很多不足的地方 努力努力提升提升 ,后知后觉特别是有了对比后才发现成都的防疫工作做的真的真的很不错 ,诶嘿 为什么我在这边买化妆品加加减减之后发现还是国内的划算… ,心疼我的乖哥一秒钟不知道为什么 我是真的没看见你朋友圈我还是今天晚上突然心血来潮 点开你的头像 才发现原来你今天下午发了朋友圈 你也太可爱了吧 为什么要趴着睡觉我的宝 在学校可以理解趴着睡 在家为什么还要趴着嘞 注意牙套！保护好 别上火！！！好好的！ ,【坠机现场，蝴蝶证明你来过】3月28日，一段蝴蝶飞过搜救现场的视频，引得人们纷纷转发。那是“3·21”东航MU5735航班飞行事故发生后的第八天，广西南宁市消防救援支队何万伟无意间拍下的。何万伟在事故核心区东南面的山坡上搜寻时，突然发现地面上停着一只黑色的蝴蝶，盘旋许久不愿离去，他用戴着蓝色 ...,在网易☁️搞了个“一起听”，然后匹配到个女生，发现我俩墙头一样，我特别开心，和她聊了起来，然后她问我“你担是谁？” 我说“邓孝慈”，她不认识，我就提示说是青你3的，然后她来了一句“哦～我想起来了，我当时好感yjt ” 。我😅……虽然当时还开着音乐但我突然觉得好安静……（尴尬）本以为遇 ...,:
      林尚立以前是复旦大学文科副校长，现任中央政策研究室秘书长。极有见识。  ,我突然发现，不只是我炸了，我的主页家人们都出来冒泡了 ,【3月30日】3月30日，新疆昌吉市报告3例无症状感染者，为一家三口，其中2人有和硕县旅居史，为昌吉市对重点人群核酸筛查时发现；乌鲁木齐市米东区报告1例确诊病例，为3月29日报告无症状感染者2的共同居住者。3例无症状感染者和1例确 ...,:
       顾魏  片场“臭屁”…be like：  ,:
      在我很焦虑的时候，因为这十件事走出了焦虑，分享给有需要的你 ,清醒时做事糊涂时读书大怒时睡觉独处时思考读书 旅行关心身体和心情努力工作结交善友孝敬父母可以骄傲 但不能轻挑可以单纯 但不要幼稚可以爱打扮更要有内涵做到单纯而不简单丰富而不复杂当你自己变优秀了你会发现生活其实快乐很多 ,后来你才发现：没有人袒护的你，觉得自己什么事都做不好，受尽了委屈 ,好//://:我以前对于离开这件事超级拖延，总是没办法彻底下决心，直到现在才发现断舍离一定要趁早，越早了断就越早拥有好的状态！,找工作之后其实能发现一本根本不会加分，一本二本三本统称为本科，真正的分界线在985.211和本科……怪我自己没本事……考不上重点……（我怎么又在伤感自己的高考和学生时代啊……） ,我亲戚真的很喜欢我，连她的猫名都是我小名，果然同款名字猫也很喜欢我。又浪了一下午，今天去岷江坝子上吹风nice，跑步还发现了双色喇叭花  ,曾经我也吐槽过淮南，但是这个时候我才发现，不管我怎么吐槽他，他都是我最爱的家乡希望淮南加油，家长挺住，家人们保重！,贝贝晚安//://:  耶！就是这个造型！考古发现一张可爱的童年照,我发现我做事真的不带眼睛也不带脑子刷了一晚上的视频结果发现全搞错了白看了 ,:
        UNINE巡演上海场《春日记忆》李振宁fo歌词版一起来听春日！这是一个因为角度不好，没有放过的舞台三年后才倍感舞台的珍贵！ 封面感谢：  ,这一天我失眠了 我觉得除了平安健康 别的我都不奢求了 😊  过了十二点就42天了 这些天一次次崩溃又一次次想通 这42天 我觉得最大的感受就是我慢慢的变得比以前有耐心了 虽然只是一点点 今天照镜子发现脸变大了 最近食欲不太好 但我的脸肉太多了 微博就是我的树洞 写完这些已经23:38了 要睡觉了 希望 ...,我替顾魏可惜的原因大概是我是类高希。跟一个喜欢的小学到大学，大学都到暧昧阶段，结果啥也没有，人家现在结婚有娃。回想种种，现在发现是自己太矜持，太端着了，太窒息的痛苦了，那种错过再也没可能的难过。我不是说我不矜持就一定有可能，而是我自己没努力，连曾经拥有都没有的那种痛苦，叹息自 ...,是好是坏，皆为经历，要无所畏惧，活得自由潇洒保持乐观和积极的心态，任何事情都不做负能量的估判，和正能量的人相伴，你就会发现不一样的风景乐观而灿烂的笑容不仅愉悦自己，也快乐着身边的每一个人在忙碌的工作中享受着生活，感悟着生活，就算有点累也没关系愿你眼里长着太阳，笑里全是坦荡那些看似 ...,     【】      一项研究通过长期随诊发现：同样喝碳酸饮料，喝无糖胖的人更多，得糖尿病的人更多。医生分析，0卡0糖饮品比普通饮品更健康安全，我们觉得无糖会多来两罐，但0卡0糖饮品中含有刺激食欲的成分，反而会使我们想吃东西，增加了肥胖、患糖尿病 ...,暧昧是什么呢是他故意把“小兔子”念成我的名字而我也假装没有发现 ,刚刚发现大腿上出现生长纹 立刻马上给我动起来减脂 ,我发现很多女生总是过高地推崇了爱情，却不想通过努力来实现自我价值的提升。要知道把自己的一生幸福，完全交给一个男人是多么的危险，因为他们虽然普通，却总是那么的自信。恋爱的终点是婚姻，然而婚姻只是生活的另一个起点而已，女生不要有终局思维，靠谁都不如靠自己。那些想通 ...,【运行速度那么快 】乘坐高铁动车时，你有没有发现，所有座椅都没有配安全带？这是什么原因呢？  ,今晚翻看了老照片，发现疫情前的2019年真的好快乐啊！19年五一去了重庆，中秋去了武汉，十一去了云南，十一月份朋友从远方来找我玩，一起去草莓音乐节，十二月底和朋友一起去看跨年演唱会，去看易烊千玺疫情前的生活真美好，现在哪儿都不敢去、不能去疫情滚啊 ,本来都准备不哭了 结果发现我室友发的信息太好笑了就一下子忍不住哭出来  朋友用来惹我笑的 但是最亲的人却一次次给足了伤害 ,我发现我被老师pua的太狠了 ,网友纽约偶遇安妮海瑟薇 偷录视频被发现，本以为是社s现场，没想到收获了甜甜的笑容和打招呼。   ,我才发现这个ch ，逛了一圈已经睡不着了 ,发现我对所有动起来的活动运动都很爱跳舞健身足球...都很能坚持练的时候都很开心 累也没有想放弃的念头果然我妈生了俩体育生吗 ,好吓人 刚发现我除了有深海恐惧症巨物恐惧症还有地球恐惧症（我编的名字） 看到宇宙星空里一个硕大的蓝色地球顿时开始腿软发抖 ,:
      《心居》正在热播，剧中饰演职场女精英顾清俞的童瑶接受独家专访，她说不介意饰演“不讨喜”的角色，这样的角色贴近生活，最开心的就是看弹幕，能脑补出另外一部剧。在《三十而已》和《心居》中同样是扮演职场精英，童瑶说前者是一个家庭主妇， ...,任何有关爱情的电影都从未赚到过我的眼泪 但是就在这样一个被疫情封锁的寂静日子里 我听到一个让我瞬间破防的故事 可以说 她一开口 我的眼泪就止不住的流了出来 这种像诗一样浪漫的爱情深深地打动了我 与其说渴望拥有这样的爱情 更不如说 拥有这样爱情的人是能够发现美好 并成为美好的人 ,确实//:还真是//:最右杀死了比赛//:发现美洲的哥伦布是不是也该反思一下（x//: 笑死//:艸//://: 最右赢了//: 最右//:→_→//:这事儿得怪共和党啊，要不是林肯，这俩人都在田里友好地摘棉花。,一周一次的答疑时间（自愿参与） 进去发现会议里只有我和老师两个人。。。尬住了原来只有我一个好学宝宝吗 ,而且我就是 我不知道怎么表达但是真的好开心啊 大家还都在诶嗯 明明冷淡下去很久的cp一下子炸开然后突然发现感觉走掉了很多人可其实就都还在啊 没有人忘记 哪怕去搞别的cp了只要她们一回来 好像还是原来的样子唉 就真的 好喜欢她们啊 好喜欢数字批啊 ,现在不太喜欢看那些看起来很假的电影。首先是剧情假，譬如主角通过概率极低的机缘巧合事件，获得扭转大局的关键物品，突然出现不符合时代特征的科技重大突破、重大发现等。其次是设定假，道具、场景等出现不合常理的特质，譬如主角开着民用车却可以上天入地，被人打成筛子还能毫发无损等，类似于k日神 ...,【爱会永远明媚！ ：想想你儿子，一定要坚持住】据 ，近日，河北衡水，一轿车在高速行驶时撞向护栏，驾驶员受伤昏迷。交警赶到现场努力与伤者对话并喊“千万不要睡”！随后急救车赶到。经了解，驾驶员张某因琐事注意力不集中致车辆发生偏移，她发现 ...,看到豆.瓣告大眼仔 其实我一直很少刷微博 就是喜欢发微博最多刷刷热搜 首页就会刷几下就不看了 然后看看我的经常访问看看我的朋友发什么了特别是发现营销号未授权 四处搜刮别人的内容发出来 （从小🍠 等等等等 现在越来越多app喜欢搬小🍠了）微博真的越来越无聊了 很多梗都是几百年前火了 一直 ...,不跟着抢菜吃什么，尤其家里有孩子的，想想前些天早晨一觉醒来发现成了管控区而家里一点菜都没有，没有大米只剩下半袋白面，那瞬间是焦虑不安的状态，不知道去哪里能买到菜，14天 吃什么喝什么，第一次使用网上买菜的方式，发现菜价立马就上去，可又不得不买。。。疫情让这个世 ...,:
      【！】3月30日，。连日来，淮南疫情牵挂人心。我们坚信，在党和政府的领导下，在所有市民的全力配合下，淮南，一定会好起来的！在此我们倡议：让我们携手并肩，守望相助，万众一心，攻坚克难，共同打赢这场疫情攻坚战！淮南牛肉汤，加油！ ,我发现我真的看淡了饭圈，我看到骂正/主的都没有反应，我现在看到黑子，反应就是，就这？就这？还能面无表情的和她交流，毕竟还没有1  8～楼内骂的狠呢我的心灵得到了升华🙊 ,:
      来看看被家庭治愈一生是种什么体验  ,想成熟一点 不那么幼态（绝对不是自我赞美 我是大圆脸 所以显得  不让人一眼就看出来我在法律行业是个“初生牛犊”于是从外观上改造 收起了头帘 穿职业一点的衣服 后来发现外观起不到什么大作用 唯有少说 多做 多看书 提高自身内涵才能达到效果 这是怎么悟出来的呢 和所里的律师交流了一下 听君一席话 ...,加油啊，我们家芜湖也是发现第一个后迅速封控了，可是还是传了二十多个人，很多次密接，病毒传的太快了 安徽加油早日清零啊   对了第一例已经因为危害公共安全抓起来了 ,的的确确发现这几年的空气开始变好了，而且今年的冬天的流感都已经变少了，说明我们真的有在做出自己的努力了！阳春三月来了，总觉得在美好的三月要来一场说走就走的踏青旅行，可是自从结婚生子后，为了给宝贝更好的生活，只能忙于工作，也没有了二人世界，与孩爸的对话也寥寥无几 ...,没有在wb发表言论的勇气，选择摘抄他人的语句。        有时候一个道理可能很早之前你就懂了，但是在经过这么久之后，才会突然发现当时的自己只是懂了，但从来没有真正的做到过。        只能一直保持自我不断思考，努力做到不断章取义，不随波逐流。（但其实人的社会性已经决定了人不可能完全不受他 ...,又打开了荔枝花 虽然荔枝花的学校生活活动多的离我们的真实生活很远 但我还是忘不了之前有一次期中之后我没去学校打开荔枝花发现女主跟我期中成绩一样的震撼 ,有一天，孔融回家发现父母在吵架，于是孔融说：能过就过不过就离。这便是孔融让离的故事 ,一整瓶用完了才发现是洗发水...💦 ,就…鬼使神差的重新搜索🔍竟然发现了一家更便宜的📖难道又是冥冥之中的天意⛸毛毛虽然不是特别的大额💰能省点是点留作他用美哉💸虽然是新店但也赌一把吧🎐要相信执念力量对冲一切🍄 ,突然发现我真可爱 ,day79刑诉真的差的要死，做了侦查35道题题目，对了16道，正确率42%，发现还有很多讲得专题7证据那块，决定要停下来先把证据那块再听听课，再重新做一遍题目，好多天没做每日一题了，可以给我汇总的每日一题吗？ ,大概是一瞬间后知后觉的失望。是想到他忽冷忽热的态度，想到他每一次明里暗里的拒绝，想到走在一起时他不自觉加快的步子，想到许多没有完成的承诺。今天突发奇想去微博搜了“洛枳”，是我最喜欢的小说女主。结果发现了很多和我一样藏着暗恋心事的人。橘生淮南里我最喜欢的一句话，是“上帝已经明目 ...,【】3月29日晚，镇江扬中市在“应检尽检”人员核酸检测中，发现1人初筛呈阳性，市疾控中心复核为阳性，经市级专家组会诊，诊断为新型冠状病毒无症状感染者（以下简称无症状感染者1）。3月30日凌晨对其密切接触者进行核酸检测筛查，1人初筛呈阳性， ...,一个月以来第一次走出小圈子  发现了一点点春天的气息 ,锻炼了这么久，发现自己还是没长高。。。  ,我真是服了 有个人之前单取我过 后来又来约我我跟他又约上了我刚刚发现他又单取我😇 ,五周年快乐～今天是个大晴天。毫无美术基础的我今天想涂一张油画棒版超话头像，线稿画出来感觉还可以，结果涂完色也就远看能看得过去，那我就手动放远一下吧哈哈哈。而且画完发现超话换了新头像耶，那我下次一定努力画一张完美的新头像。大家晚安啦 ...,已经连续好几天梦到自己回南昌了回家了，清明节估计都回不了家了，我真的好想回去疫情当前，封校的日子还有多漫长啊我想回南昌吃有花生米的的拌粉瓦罐汤千层饼水煮白糖糕啊啊啊。离开了南昌才发现家乡的一切都如此美好且亲切南昌和这里比起来真的舒适不要太多。想 ...,网名从高一到现在一直是“卡戎星”当时有一个朋友和我一块用 她用的“冥王星”就这样一年又一年 哪怕不说话了也还保持着不换网名的默契直到前些日子发现她换掉了有点不知所措好像“卡戎星”已经在我的人生打上了深深的烙印 可是我失去了我的冥王 , 又上起网课咯发现一个美丽的地方 今天是老同志晚上看帅哥打球去咧今日：无比庆幸拥有好的室友 大家能相互谅解不然真的好累啊啊  拜拜咧 碎觉 ,今天发现了一首很对口味的歌 ,发现了 为了永远保持快乐 我必须磕rps 不然没有什么能让我真正开心了 ,看了差不多一个小时的外卖，发现想吃的太多。想念一起宵夜的小伙伴 ,安妹到家第一天英短蓝金渐层2021年10月19日出生小时候和小羊到过朋友，中耳炎没有及时发现，有的时候头有点喜欢歪歪。 ,9.25Bristol我才发现！ 落日飞车 爱情源头！,烦死了我就是那种发现什么好吃的就会一直吃吃到我不想吃为止，导致之后我看很多之前特别喜欢吃的东西都会觉得恶心 ,安妹到家第一天英短蓝金渐层2021年10月19日出生小时候和小羊当过朋友，中耳炎没有及时发现，有的时候头有点喜欢歪歪。 ,对 别犹豫～～//:我以前对于离开这件事超级拖延，总是没办法彻底下决心，直到现在才发现断舍离一定要趁早，越早了断就越早拥有好的状态！,这两天我好像给自己套上一件外壳让我误以为 自己已经淡然了才发现卸下之后的自己还是和以前一样脆弱 ,本来现在晚上不吃东西也不会饿了，更别说吃宵夜了，所以刚刚看手机发现已经十点半的时候突然想起，也，我还点了炸串的时候很佩服我的肚子一直没有给我传递他很空的信号 , 刚发现批量画梵高小人的方法想拿出来炫耀一下的，发现今天是梵高的诞辰169周年，有一种穿越时空的魔幻与巧合🥳 ,自从朋友和我说，我容易活在自己的想象里并且告诫我“行动就是态度”以后，我时常以此作为相对理智的标准来判断他人行为。这样看的话，自然许多事情会少了自我的美化滤镜，不过更多的时候是发现在骨感赤裸的现实里也真的有被好好对待（被爱）。 ,今日恼火，可能就是一个消息我就发现我们的关系已经不像从前，哎我总是那么珍惜，也可能是我总是犹豫不前，好叭，劳资也洒脱走走了，拜拜了您nei，爱咋地咋地吧 ,听到的一瞬间高兴到表情失去管理，大概全身上下都洋溢着雀跃了~~~还好隔开了没有被发现，阿弥陀佛~~好像，四月份是暂时保住了的样子，虽然不见得能见到，但是，至少还在，还在就好，还在就好，还在就好~连说九遍果然是有用的，看来祈愿被哪个心软的神听到了呢~开心到原地转圈圈喽，啦啦啦~啦啦啦~啦啦 ...,📮：投递一些网课期间的无聊生活每天都是网课摸鱼人 北京终于有了春天的气息 频繁阴天下雨 好喜欢下雨天后湿润的空气味道 雨声也喜欢 很助眠 总的来说雨天不出门的时候 就很喜欢下雨🌧️今天突然发现 2022也过去了快1/4诶好多计划都只是停留在我的备忘录里 和朋友的聊天记录里 yq ...,:
      【220330 小相机故事】郑号锡账号更新: ,:
      虽然首都防疫方法又土又不上道，但是哪有情况立刻上措施，一栋楼有问题就封一栋楼，小区有问题就封小区，连续有疫情，但措施总跑传播前头，真正做到了以人民为重，让人民有基本的安全感。这才叫精准防控。同样还这样的，还有哏都，还有犯过错但越来越优秀的古都，还有数不清的中国大地上的城市都在精 ...,紫砂了//:这个小细节我没发现……呵呵…没关系……我可以再死一遍//:,1⃣阿叔的李子看起来好酸2⃣救命 这颗草看起来也太丑了吧🙊3⃣学校的狸花猫生的三只小狸花猫 太可爱了！想全部偷走4⃣5⃣6⃣ 在学校的某些角落发现了好多fā fā7⃣舍友的插花成果 ,3月月总：过得很癫狂 没看过一本完整的书 唯一的优点是发现了很多喜欢的专辑,之前总觉得自己年轻跟得上时代的步伐，结果现在发现已经开始看不懂教过的初中生的朋友圈 ,远离嗯男好久发现词条有个盒我还以为嗯男有多热哦哦股票啊正确的 ,话说，我一个看乔家的儿女都不生气的人，却被余生请多指教气到了，也是神奇。可能就是一个预期的问题吧。乔家我知道是狗血剧，所以全程享受狗血。而余生剧方的宣传方向是相互治愈，我也以为女主是小太阳，结果看到后面发现根本不是这样，就不太爽。起码对我来说，某些情节上我看不到相互治愈看不到小 ...,晚上睡不着的时候 翻了翻聊天记录 发现我以前最喜欢做的事情 就是到处安利bkpp ,尽管说了无数次我已经放弃你了，可是我看到新消息弹出来还是会呼吸一紧，发现不是你的时候虽然松了一口气但是会忍不住失落，到底怎么才能真的放弃你呢，到底怎么才算真的放弃你呢。  ,“真的想说看有没有更合适的车发现我真的独爱一款” , 淮南是一个十八线小城市 医疗资源匮乏  但发现疫情的时候 政府就很积极的做出反应 学校都停课了 上海疫情严重的时候缺少蔬菜供应的时候 安徽也义无反顾的把蔬菜给送去  其中疫情较严重的淮南凤台 老人和孩子居多  大家多关注关注我们淮南这个城市！ 等到疫情结束，请大家 ...,真的每天都有很多巧合在等我发现本来就想随便搜搜我的名字，很淡定的点进主页，被吓得一声woc，可能是因为对现现的名字和照片太敏感吧 ,因为论文和工作的事在emo 想换件舒服的短袖睡觉 然后发现领口有小小的黑色刺绣：spiritSpirit! 一直快乐太不现实 但愿遇到困顿闭塞时永远有挖掘美好的勇气 ,找草稿纸意外发现小学因为甄嬛传流行写的宫斗小说 看了一页 我的脚趾已经在建设大工程了就是…… 记得班里女生都在写 而且不止宫斗小说 各种玛丽苏霸道总裁应有尽有 每天下课都有在传小说看(›´ω`‹ ) ,【 】2022年3月30日，我市在对外地入韩人员进行核酸筛查时，发现一名核酸检测阳性病例涂某某，后经宁德市疾控中心复核为阳性。目前该名人员已在福州落实隔离管控。市县两级已第一时间启动应急处置机制，全力组织开展流调溯源、隔离管控、核酸检测、社区防控 ...,突然发现2022才过去了四分之一就有好多人突然离世 , 我终于下定决心删了两个微信好友罪行如下：第一位：一周有五天朋友圈骂老公骂公婆剩下两天和老公和好秀恩爱，如此反复。她家那点破事我都知道完了。第二位：小红书加的一个救助老人和动物的，第一时间捐了钱，后期发现她一直无休止救助病猫病狗后直接在朋友圈放二维码要医药费，说真的，虽然 ...,才发现rs原来是借的🤭。 ,学法真的是让人头秃，以前以为是笑言，现在发现是真理 ,昨天做噩梦了 梦见我亲眼看见一个女孩子在阴井盖里被一个男的捂死了 我看呆了 很害怕 这个时候有个人突然拉住我的手 带我逃跑 本来庆幸有人救我了  但发现这个人是我讨厌的那个人 我立刻停下来 甩开他的手 自己去报警了 （希望下次带我逃跑的是我喜欢的人 起码噩梦也能开心一点） ,【灰色“产业链”！：查获公民个人信息200余万条 】去年10月份，江苏泰州，民警在网上巡查时发现，有人通过“代刷人脸”或租售游戏账号的方式，帮助未成年人在某些爆款网络游戏中，无限畅玩。民警调查发现，“代刷人脸”实际上是利用某些网络游戏的“换绑”规则， ...,最终发现我们真的不是同路人的时候，还是会难过好久好久,沈阳疾控发布紧急提醒，有交集速报备！3月29日，沈阳市发现一例新冠病毒核酸检测结果异常人员，为快速排查接触人员信息，提前采取措施控制疫情，尽快实现社会面清零，现将相关行程轨迹公布如下：3月24日，13时或14时，前往南京一校进行核酸检测，随后在以下店铺收废品：14:39:04 沈阳市和平区吕 ...,修了几辈子福啊，这么个可爱的小孩被我发现了,和彭总进行一些中年男子酒局谈话后发现已经炫完半盒饼干 ,啊照这样说的话我社交账号上面乱七八糟的小号被人发现了的话我是不是会出门都被人打死啊还是说一人一口唾沫把我淹死啊我好像说的话比这难听多了 ,额，今天我搞的图纸缺个标签，然后返工了，也不是说我没发现，我发现了，就一直没改，可恶，就是我的毛病  ,两盒相似的药 我吃了六粒 吃完发现是另一个吃两粒一天也就四粒的药 被自己蠢哭 洗洗睡了 ,发现了一个以前没看过的，ning直播说的“我不看重这个上单战绩怎么样，就是上单最考验的是发育能力。” ,每到深夜静静的想想，就会发现很多的不值得既然没办法，那就说服自己过好每一天☀️☀️ ,前一组场景，是女主和女二在聊天接着场景换到女主在等男主一起吃晚饭，但是背景声音里，女主内心一句想法从前一组镜头持续到这一组太赞了这个转场，把本来毫不相关的两个场景关联在一起，还有一种女主在回忆和女二谈话的第三种看不见的场景出来自然到我第一次看时毫无知觉，二刷才发现原来是这样。 ,我发现栗子工作时都是戴黑框眼镜，而休闲在家时都是戴金丝框，没看完整不知道后期是不是也都是这样 ,泰州人，请听话~当前疫情防控形势严峻复杂,走在泰州街头,你会发现多了不少“声”力军。来，一起听话！听听咱们泰州防疫的“最强音”。 ,:
      夜游动物们集合了。我将在⏰ 来到欧莱雅  京东直播间。如何夜游尽兴不长纹？夜间护肤有哪些高能干货？马上设置直播日历。别错过拯救夜游肌肤的秘密。  ,哈哈哈，才发现,人生就是由很多事组成的，不过你也会发现，来来回回就那些事呢！所以不要被打倒，歇一歇继续迎着光亮继续出发！你可以我可以！我们都可以！！—— ,跟朋友打麻将到现在，爬上来发现俺们来福都破2了，太争气了 ,早晨在厨房里忙活时无意中发现窗外趴着一只肥嘟嘟的鸽子，样子可怜兮兮，以为是受了伤，没想到跟我对视一会儿拍拍翅膀飞走了。原来，有时你以为的以为只是你以为而已，并不一定是真。下午约上娜美女运河边刷步，直奔两万。每次见面都会有说不完的话，细想，这么多年来有几个聊得上来的发小陪在身边真 ...,睡不着起来看了下后面的节假日安排发现国庆之后居然要上七天班！气的我更睡不着了调休滚出China！！ ,我发现了 我讨厌的人都爱跟我讨厌的人玩 ,看了两晚《才不要和老板谈恋爱》📺追到15集了！又甜又好笑！结果刚刚恋恋不舍关app之前发现……它居然还没连载完 , 夸夸猪噜噜的十八般厨艺（每天都嘎嘎香~）因为疫情已经好久不堂食了，有天我说想吃海底捞了，他就点了个外卖，第一次在家吃海底捞，才发现原来吃海底捞服务才是王道，没有服务的海底捞吃着感觉缺少了灵魂前段时间在开市客囤了火鸡面，学着抖音菜谱做了个网红牛奶芝士火鸡面，浓 ...,乐 总之乐到发现还没看百合熊岚（就差这个了.jpg） ,:
      转告，不过合格的面粉应该都懂能看出来。 ,本来还计划着五一回家，结果这两天又有新增了我真的无语🙄突然发现，开学前那句开玩笑的话可能真的要成真了“你下次什么时候回南京”“也就暑假吧”“？？？”“哈哈哈哈哈哈哈哈哈哈！” ,无聊翻了翻之前的照片，突然发现，我以前还怪瘦的，现在，没眼看😪 ,突然发现我喜欢的男性拥有同一特征：单眼皮 ,我去年看了大概一百遍的🍡和小徐弟弟的剪辑，我刚去收藏夹翻发现被up删了bgm是《爱的双重魔力》 ,去年春天，我们家喜迁新居。在窗前的小院里，我意外地发现了一枝刚刚吐出嫩芽的新枝。“这是什么呀？”我问妈妈。妈妈看言情小说推文了看，说：“这是一棵葡萄树。”一棵葡萄树！说真的，我从小长这么大，只吃过葡萄，却还不知道葡萄是po怎样长出来的。好奇心促使我对这棵葡萄树产生了浓厚的兴趣。 , 分享一个不经意发现的华丽宝箱！从图1的位置可以直接穿到上层一个关着宝箱的封闭门内！还解锁了一个成就 , 【徐州市疫情防控重要提醒】2022年3月28日以来，我市发现多例新冠肺炎阳性感染者，波及多个地区，疫情防控形势十分严峻。为及时切断疫情传播链，确保广大群众身体健康和生命安全，现向广大市民提醒如下：一、持续关注疫情发展动态。从当前流调工作情况看，阳性感染者活动区域存在较大风险 ...,这部剧的格局在逐渐变大，由小爱变成大爱。曾经他们想逃，是逃出万花谷，得到自由。现在，他们发现天下已经被仙师变得不成样子，所以这次他们不逃了，他们要反抗，要解救曾经和他们一样被折磨的人们。 ,三月发现宝藏，期待你的更多角色,“春天让人发现眼前有个崭新的开始” ,我发现我喜欢和讨好型人格相处，但是不喜欢和他们深交不喜欢和性格霸道有话直说的人相处，但是深交之后就会玩的蛮好 ,发现我男朋友生我的气的时候也不会不理我 我给他打电话他也会接 打视频的话他会给我转语音 嘴上说不想看见我 但也不会不理我 发信息也不会不回 只是会一直说没事 然后过会就会来跟我说他在生我什么气 我也会好好认错 ,吃完饭溜达完刚回家，发现社区在排队做核酸发生什么事了 ,每天都和小姐姐们一起好开心😄 抄 各种攻略！才发现  真的让人好欢乐啊！集美们要一起薅母婴用品吗？ ,:
      七年了。金发蕾伊的Call Me Baby。  ,emmm就是说在vup下发现了另外一个vup然后在这个vup下又发现另外一个vup结果发现这个vup名字很熟一查哈哈tmd玩一梦江湖的 我就说！我就说！一梦江湖人除了糊糊什么都干什么都玩 ,我发现我心情好坏和vb关系很大 周一吃了几片vb 当天和昨天心情都好了些许 但是效果就只这两天了 今天心情又是很down 以前吃vb的时候情绪也差不多是这样的转变过程 不得不说确实是有点吃惊的 这小小的药片的作用居然这么大不得了 现在有个问题是我因为身体差经常生病吃药 以前都因为担心药 ...,发现有几张喜欢的照片忘下载了，自己最喜欢的一套衣服居然忘了发再发一波出来，还是要多看看让自己开心的东西，讨厌的疫情go away👋 ,有人提到了yyq的作品 那我就不困了 🔥【平台共发行11首单曲】🔥 🔥【总计入榜86次】🔥 🔥【粉丝收集的电台在专区最高达第三名】🔥 🔥【被官方发现的音乐人】🔥 🔥【被网易云官方认证音乐人】🔥,:
      用餐时间到吃播小航上线  ,浅记一下今天日记的内容：单片机实验睡大觉 醒来刷手机发现极乐迪斯科史低 买了 玩了 很开心 因为极迪很好玩+摆烂很快乐+白嫖到了代码直接上板子实在太舒服想起自己之前为了单片机实验头疼的样子就觉得自己是大冤种 ,有个老奶奶住在13楼，走楼梯上去摄影大哥在10楼就挺不住了要休息5分钟。走到上面才发现老太太腿有旧伤，背上也有钢钉没摘。全部积蓄都投进这个房子了，孩子要上班还房贷，饮用水得自己一点点白天提上去。问她老家是哪里的，回答是延安。观看者皆五味杂陈,我最近一直在想我是不是真的跟以前不一样了我发现好像真的是二十一二的时候和二十五的今天差距太大了各种思想观点都发生了很大的变化这好像都是因为一个人不能说拜她所赐吧也一定是受了很大影响这两天各种心情很复杂就希望每天都能有一个好梦吧  ,总是会害怕亲近的人在某一天突然死掉，如同我规划的场景一样。没有人会发现，知道突然想起，得不到回复时才知晓。想和他们做约定，如果一个星期内都得不到回应，就是死掉了。 ,洗发水记录○飘柔家庭装洗了好几年（便宜大瓶），泡沫很多，好洗，但是长久使用后发现发质干枯头皮干燥头屑多，两三天一洗，不会头痒，吹干非常蓬松，脱发感受和阿道夫的差不多○阿道夫人参，洗完头发柔顺，泡沫没有飘柔多，用一段时间后头皮确实长疙瘩，头皮屑多，两天一洗，会头痒，但是发质还可以 ...,啊啊啊啊啊啊暴躁 选课季才发现还有这么多课没上……老板还说你能不能在博二把课都上完……不能！！！少推荐点非必修课，我就能上完了 ,不放个饭都没发现咱们数字还有这么多人磕着谁破大防我不说谁每天定时来超话沉默不语逛一圈我不说 ,今天突然就想到了你，才发现这么多人给你寄了信。虽然不知道你看不看得完，但你应该不会觉得生活太单一了吧。今天发现人要慢慢学会理解“事与愿违”（我不想用“接受”这个词，搞的我很没骨气）与此同时，好希望你在那边万事顺遂。 ,愿世间少一点两面派 或者是 少让我发现身边人的两面 ,原来生病的时候，才发现自己这么弱小 ,tmd呼吸不畅，且发现顺尔宁吃完了又难受又害怕还超想哭感觉肺周围的不是肋骨，而是一大团面糊 ,打游戏打到禁赛才发现离开半天微博出现了好多好玩的 ,<社内相亲>一口气看完①②好好看！   结尾也太精彩了  安孝燮、金世正、金旻奎、薛仁雅“ 突然发现我好像没什么朋友 也没有那个很爱我的人 我的心突然空了 原来我这么孤独，茫茫人海，终归还是我自己。 ” ,艹，突然发现，拿着加湿器对着鼻子前面吹，效果不如直接塞一团湿的纸巾进鼻子里好使 ,写完作业后看了眼时间“23:57”什么？57了那么快结果第二眼发现看错了是“23:37”哦，好吧，八点半开始写的lz xl你们睡了吗反正我没睡 ,天变暖了之后发现 乳木果那个身体乳变得好摁压了 非常顺畅原来我没有把泵头弄坏，只是天冷所以不好压出来是的乳木果身体乳我还没用完(。 ,出去的时候好好的，回来发现牙掉了一半 ,刚刚提交小组作业的时候发现我们教学班里有个小组叫：凑成一组哈哈哈哈哈哈哈哈哈哈哈 ,我翻了一下捡的内存卡 发现这些地方好像有点眼熟 ,发现一个问题 我只要学舞蹈 运气就会变好 怒冲了此次卡 当KPOP人 ,有时候真为超市感到冤，一样卖高价菜，超市卖80元的白菜被重罚，而小摊贩卖45元一根的莴笋却没人罚。最讽刺的是今晚新闻播放市场监管局去某菜场巡视，发现菜价只是小涨属于正常范围由此认为上海的菜价总体上稳定，民生有保障我： ,我的天🤦♀️两张图的对比 百抓挠心很贴切了，我是730后才发现自己喜欢他已经超过自己认为的程度了,减肥的决心总是在穿上以前的衣服发现小了之后增长的，并伴随着好吃得停不下来逐渐消失 ,本来准备转发给双子妈维权一下，结果发现热评都把我拉黑了，好吧！,发现没有，宝器们骂完张文宏之后，会忽然发现一个浩荡的真空，就是没有人可骂了愿意替他们说话的愣子早就没有了，像张这样愿意折中说说话几不得罪也没有了，就连“蹭热度”的媒体也没了。剩下的都是他们不能骂不配骂的了。这以后，漫漫岁月、茫茫砖生，迁怒谁去啊？ ,:
      哈哈，耶！再来一张，就是这个造型！ ,笑死，我发现只要是动脑子的游戏我都没有兴趣玩， , 推文机遇起着重要的作用，但另一方面，即使在那些因机遇而成功的发现中，机遇也仅仅起到一部分的作用。,连圆圆都发现你暗恋我，还不承认嘛！ ,18岁的时候 春风得意马蹄疾 不信人间有别离 21岁以后才发现把想念和爱意说满了会给别人造成负担 才懂得 人生是场必散席.  ,半天又再再再次改报告+速成PPT，晚上写稿子的时候又发现打印的报告里的好多名词和格式问题，希望明天老师看不到，答辩顺利🙏🙏🙏 ,毕业论文题目都没想好的人，在翻小学时期QQ空间哈哈哈哈哈哈哈我是发现了我从小就很迷信再次保佑我明天能顺利想出来🙏 ,改论文快疯了的时候直接把微信退了 然后刚才上线发现被导师轰炸我真的24h才看一次微信啊！！ ,:
      发现了吗，疫情的这两三年，发生的一切像钟摆。你以为过去了，可它还会回来，携带着更大更恐怖的阴影投掷回来，像幽灵。一切都很难很难恢复到以前的“正常”了 ,我发现了噢，我就是耳背，每次坐在电瓶车后座都听不清说话。 ,《关于我加了书名号  大亨就能发现我这件事》   ,我发现了小剧场真的弄得太好了看了比较虐的一集，看了小剧场就能转换一下心情被虐时的想法，比如他们两个不要在一起了之类的，都会抛出脑后真的 ,突然发现有个快递还没拆对这个封面一点印象都没有 , ✨ 跟着赞多去发现更多不一样的艺术 ,28刀请了6个老墨擦车感觉无通胀美滋滋。离开后发现后视镜下还有泡泡，开起来甩得窗户上都是，就想冲回去打人 ,神奇，乍一看还没发现什么不对!今日爆笑神图 ,怕暴露自己的性格缺陷太多把别人吓跑又怕以后别人自己发现觉得没意思 ,搞了一天的市调疯狂做图，做到晚上才发现wps开个会员就可以做出什么水缸图，什么玫瑰图。愿我以后再也不要做描述性统计了又要想做什么图，还要根据那些图瞎编，太难为我了🙉🙉🙉 ,今天心血来潮跟同担一起理性分析了一下我本命的16型人格…然后分析出来发现竟然跟我一样…………………………………………………………特么的突然觉得我好像个five啊…… ,嗯嗯呐疫情下大学生活   发现小美好自己找乐友友们有看到图片里的我么  ,有的有的，这个憨憨玩抖音和我一样菜，我原本想第一次玩抖音和他合拍一个，结果整了半天他第一次发没开合拍键当然战宝还是比我厉害，人第二次发抖整好了，结果我合拍才发现我不会唱女声部分啊练好了明天来，迎接我人生中一次合拍挑战 ...,高估我自己了，我刚录合唱的时候才发现我一句不会。又打开扣音的歌跟唱了几遍才学会😓 ,采访太短，有没有加长版，我记得放出来的预告还有其他内容顾佳明明是全职太太啊，童姐目前有且仅有一个职场精英角色，那就是我们顾清俞，虽然这部戏并不是以职场为主，但是的确令人发现了，童姐强烈的精英气质，真的非常适合再来一部职场白骨精！,344.月末了我妈问这个月滴伙食2000还没有给她，我装傻先转500下班回家发现她把门反锁了让我补上才给进，我妈现在好小孩她说到真的就做到 ,【COP15】新发现×2！新记录+1！ ,要分享给我妈的图片误发到群里了，并且3个小时才发现，我居然也有今天，见了鬼 ,经常在熬不住的时候也想找个靠山靠一下 可怎么找都会发现 有的山长满荆棘 有的山全是野兽 大家好像都不真诚 所以自己应该是自己的那座山 ,我发现很多上海人对中国其他城市，尤其是其中平凡小市民的遭遇是没有感知力的，他们很多人甚至不相信堕女胎、人口拐卖、一刀切政策，直到这次灾难降临。 ,做自己吧//://:一直在争取做这种人 努力的不在意别人的看法 喜欢什么都明明白白说出来 发现别人的闪光点 承认自己缺陷 认识自己的有限 努力让自己活的开心真诚,王者荣耀快倒闭了唉你看最近的游戏不是人机就是演员，明明整局站着不动却还是举报不成功。这是因为王者荣耀匹配机制发现大家都不愿意巅峰赛，排位赛，而是选择娱乐模式，为了分流故意设置的。随着lol手游的推出，王者荣耀一直在走下坡路，玩家的流失已经是时代大潮。为了抓紧赚快钱 ..., 《与君初相识》迪丽热巴×任嘉伦｜新预告我又可以了，双A搞事业我真的很爱，燃起来了，仙师府的秘密马上就要被发现了，我真的好激动「我纪云禾生来，好胜不服管，就喜欢知其不可而为之」「很快我们就能让那些阴谋、暴虐、背叛、付出代价」 ,我真的生气了 翻到照片才发现我耳钉丢了 好喜欢这个55 ,我发现了，我是真的不喜欢长的像蝈蝈的男生 ,:
      置身于一段疲惫的关系里，真的好影响自己的状态，而且是从内到外都会被影响的那种，好像无论怎样都舒展不开，直到脱离后才发现原来自己也可以这样好。未来的日子也要继续远离消耗我的人和事，当然要向前走，我值得越来越好。 , 每次都能被哥哥们发现哈哈哈哈  ,在整理相册的时候，发现好多原来的照片，年年说减肥可是一年更比一年胖！这是为什么呢  ,压力大性欲就高涨我发现了。 ,以及 最近发现 有些古装造型 真的深得我心啊 ,刚在抖音看了一个视频，突然发现当个追风筝的人好像更适合我突然不渴望爱情了 我更爱自由 ,第一次用对色号的粉底液，整个一个大开心！但是ysl恒久好像持久度不太可，五个小时回来发现底妆有点斑驳，等再用一次看看还有一个zelens在路上一周了，快来快来 ,反正都很贵//:😅发现有嘉宾开的是卡宴，50.5%好了,为赤诚并热烈而活//://:一直在争取做这种人 努力的不在意别人的看法 喜欢什么都明明白白说出来 发现别人的闪光点 承认自己缺陷 认识自己的有限 努力让自己活的开心真诚,前段时间莲莲那段在dy当晒战绩bgm挺火就去看了call me baby全mv,回顾了一下小时候在cctv偶然看到mv盯着金发蕾的心情，还意外还发现了mv里有一只螃蟹🦀，乐得不行//:在团时最惊艳的一支MV 记得下午浑浑噩噩时第一次点开 金发蕾一出现就被彻底击中 心动x107,行如逆水行舟，不进则退。出过一次车祸后和工作这么久都没怎么再钻研更新运动知识，导致断断续续的有小毛病，今晚找老同学把把关发现问题，接下来就要解决问题。 ,才发现逆水寒抽套房谢谢，抽到我我立马化身洗地机，拼命给你们写广告安利。 ,今年倒霉胖子的行程是这样的，正月带闹闹去了趟苏州，下午返程刚上车发现苏州有一例新冠确诊，当时没在意，过了两天严重了，上报社区以后居家隔离7天7天结束回连云港工地上班，没几天连云港疫情爆发隔离到今天刚刚摘星准备回来散散心，泰兴2例确诊，他又回不来了！ ,拖着疲惫的身体走在熙熙攘攘的人群，疲倦从四脚钻到肉皮。我醒来了，但发现整个世界仍在沉睡。 ,思维方式有两种，一种认为解决问题的症结在别人，另一种，觉得搞定困难的关键在自己。前一种人总是感到绝望，永远所嫁非人；后一种人常常发现惊喜，总是能找到新的机会和出路。 , 巨好玩能玩一宿停不下来的那种 ,疫情揭开了上海的遮羞布啊，最后发现全国都一样，不管你什么原因死，只要不是因为新冠死的都行。 ,【 ：希望借此传播中华传统文化】近日，黑龙江鹤岗 市，一萌娃还原西游记剧中角色造型，走红网络。两岁半的小女孩穿上飘逸的汉服、戴着精致的头饰，变成迷你版女儿国国王、孔雀公主、玉面狐狸、嫦娥仙子，可爱又不失原版特色。女孩的妈妈孟女士说：“我已经带女儿还 ...,OMG无语了才发现之前很喜欢的一个画师 塌房了、、 ,健康篇：第三十期「」好奇怪啊，最近总是莫名其妙感觉鼻子痒痒的想打喷嚏，才发现又到过敏性鼻炎高发的时候了，有鼻炎的和没鼻炎的都沉默了一到这种时候就总想去找有啥穴位能缓解过敏性鼻炎的，别说还真有！穴位理疗师yasuko非常喜欢研究我们的中医脉络穴位，浅分享 ...,突然发现我的思维模式偏向于由微观到宏观，由案例归纳为理论。如何才能让这种模式转换为由宏观发散到微观 好难:( ,足弓训练器DAY6今天已经不疼了，脚后跟着地走路，已经没啥感觉了；脚后跟抬着走路稍稍有点疼，但是能忽略。发现带着这个走路的时候，膝盖绝对朝前。我之前有点膝盖内扣，走路 小跑的时候会无意识改不过来的朝内。这个好像能改善膝盖内扣。 ,我TM就不该打开微博，随时随地，发现糟心事🙏 ,🐴//:比如:植物医生。因为有很多微商产品不是叫这个医生就是叫那个医生，导致我对植物医生一直没有好感，结果发现它是中科院研究的，两个月前买了一套，真是好用死了//:化妆品不一定越贵越好，现在很多国货都做得很好，根据经济能力来就行,我发现，好看的衣服并不能阻止我深夜发疯，但是食物可以。所以我要转变我的消费观念了，去tm的好看，所有的钱都应该是为美食准备的。如果人活着不能享用美食，那还有什么乐趣! ,怎么说呢 以前一直觉得真诚很重要 后来才发现连最基本的尊重都得不到 还是不去奢求真诚了,我先去投降俄罗斯，再去投降乌克兰，能拿双份不？。。。突然发现，俺好机智赚钱耶, 4 ,我算是发现了  ghs可以让我的快乐加倍 ,:
      ⚠️ 6.0剧透警告⚠️ 某个四字古代人 ⚠️ ⚠️⚠️⚠️⚠️⚠️⚠️⚠️⚠️⚠️⚠️ ⚠️⚠️对着友人的表情和转身后的表情 ,今天一天都很没力气，但还是很努力的让自己感到开心。朋友说不准备考研了，我有点难过，还哭了。睡前发现自己没打卡然后发现班上有七八个没打卡真的是大起大落 ,都说要睡觉了，跟初中同学聊起了b中生活，委屈的我又开始哇哇大哭，妈的真讨厌，我发现了，无论和谁，只要每一次我聊起了b中生活，我都有一秒之内哭出来的委屈 ,自从朋友和我说，我容易活在自己的想象里并且告诫我“行动就是态度”以后，我时常以此作为相对理智的标准来判断他人行为。这样看的话，自然许多事情会少了自我的美化滤镜，不过更多的时候是发现在骨感赤裸的现实里也有被好好对待（被爱）。 ,杀人的时候真的好涩……为什么要重复问题啊…砍一刀笑着问一遍……还一边叫着名字……从容不迫地hi i'm coming～发现猎物之后oh there u r how's doing ～看到猎物用没见过的道具反抗逃跑会一边慢慢追一边笑着问what's that for？一边往猎物身上砍一边笑着叫你名字so what's that for?呃呃呃呃啊啊啊 ...,今晚的新发现。拿哄男朋友那套哄女朋友，效果好得出奇。我正洗脸，闺蜜摇摇晃晃起床来，冲进卫生间豪吐一场，我扶着她漱了口然后把她丢回床上，她又开始哭，我摸她的头、抚她的背，最后干脆钻进被窝搂着她，她很快平静下来，抽泣着又睡着了。我爬起来，继续喝酒上网。你的渣男人我没法去揍，但你的情 ...,刘宇宁，我发现我心里众生平等，只有你一个超重 //:不见不散//: 今晚跟熬鹰艺人 不见不散,:
        求关注一下永州祁阳13岁小孩命案吧 湖南永州祁阳拜托引起重视好吗？不要等第二个受害者出来了才知道后悔  失踪四天被发现遇害只剩下一个tou  官方没有任何通报  全祁阳人心惶惶 ,再看了TEAR，突然看到这词，发现真的太喜欢了于是想到这么去形容这歌词：无需确切的言语，就已喻出那已是一页白纸的心，心本不能燃烧，但纸可以，纸被火漫浸，燃烧殆尽，呼应着这个结局——tear。 ,某天去买三明治，突然发现隔壁店又大又肥的猫猫 , xz  哥你的抖我真的不会唱然后我发现原因了因为你把我会唱的部分都给唱完了俺只熟悉你的part我得好好学学女声部分了本·五音不全·音痴·找不到调·虾跟顾魏说晚安了晚安 忘发合拍重发一次的笨蛋宝贝 ..., 挑战不喝饮料的第一天 ,我刚刚欢天喜地的去报名亚运会，结果后知后觉发现不知道亚运会什么时候举报，一搜好嘛，九月份。告辞，我得要上学 ,哈哈哈哈哈哈哈哈哈哈哈哈我TM笑死//:朴栖含回到家发现只有老婆在家了//:救救我这个梗过不去了,任何你突然放弃的事物和人，一定是积累了太多太久的无力和绝望，你发现自己坚持的好不快乐，于是你终于放过了自己。 ,记录第一次用完爽肤水（：所有的东西都是要在你没钱的时候全部用完我发现了 ,【警民携手暖心救助走失聋哑老人】近日，江苏。一位拄着拐杖的老人无助地坐在站台上坐了很久，热心市民报警求助。民警到场后发现老人是聋哑人，在征得老人同意后，民警查看了老人随身物品，发现一张小区门禁卡，于是迅速护送老人前往该小区，最终在群众的帮助下将他交给了家人。临别时，老人虽然说 ..., 【】据医药高新区（高港区）消息：3月30日，我区在境内高速服务区查验点例行检查中，发现1例省外来泰货车驾驶员核酸检测初筛阳性，经流调及公安数据比对，其在我区境内活动均实现全程闭环管控。该人员已第一时间送至定点医院治疗，相关密接 ..., 有友友们知道为什么小故事不提示剧情吗，之前没有满庭芳，现在有了以后却发现盆景园没有剧情的提醒  ,我们家美美有一段日子不怎么吃猫粮，有一天我抱它发现轻好多才意识到问题严重性。之前因为我自身状态也没有太关注它。吃了一段时间猫大力的主食罐，开始不怎么有胃口，一罐一次吃不完，还要搭配金枪鱼零食罐才愿意吃，吃了一段时间胃口也好一些，一次吃大半罐，还搭配了一些金枪鱼罐头。现在体重又增 ...,【】3月27日， 陵阳派出所接110指令称：一男子不慎将车驶入水塘内，现人被困水中。民警迅速赶至现场，发现驾驶员程某站在淹没在水中的车顶上等待救援。因程某不识水性，无法使用救生圈，民警找来一条小船，划船将其救上岸。  ...,有一天，一个大爷在树下发现了一个冻僵的小蛇，为了救它，于是他把小蛇放进怀裹着，结果第二天大爷在树下立了个牌子，写着请不要随地大便💩 ,小时候偷喝了一箱邻居家的王老吉 被他发现罚我吃十斤辣椒 笑死 根本不上火 ,强制动态模糊的bug，发现拍照还…还挺好看绫人后背虽然丑到多看一眼都觉得。但是脸，确实帅的（终末弓终于有主人了 ,蒋藤藤说这张照片就是男友视角!想整个活骗骗人翻了半天相册发现只有千张表情包和纸片人 , oh my god 虽然这直播看了很多次但是现在看到这个才发现！先看第一张注意嫂子手移动，等哥贴上去，第二张他那得意笑的小表情，好钓啊 ,:
      从你的专业看，哪些消费属于「智商税」_____________________________ 或者给一些消费建议 ,我收藏了那么多美好可是你却不愿发现分享欲是最原始的浪漫如果没有接收的人那就人格分裂出第二个我共同接收这世界的喜剧与悲剧 ,约了周六的医生才发现周六要上课，那逃课了 ,发现今天忘记发推送这回事之后，经历了：惊慌-自我安慰-明天再说-心安理得地摆烂🙉 ,我问：我的下一任是不是一个帅哥答案之书：你会发现自己无法妥协 ,:
      【刚刚通报！ 】淮南市新冠肺炎疫情防控应急综合指挥3月30日晚通报，3月30日0-20时，经复核和临床专家诊断，淮南市新增新冠肺炎确诊病例1例，新增无症状感染者50人。通报全文如下：3月30日0-20时，经复核和临床专家诊断，淮南市新增新冠肺炎确诊病 ...,发现一本好书“10岁，是个动物；20岁，是个疯子；30岁，是个失败者；40岁，是个骗子；50岁，是个罪犯。” , 以为周常通了了5次结束了，后面发现还有10次不过今晚通关2次sl一共90分钟，已经很不错了。在这给大家借鉴下我的随从属性秘籍功法，希望有帮助。（我的小姜打老一时死了，复活了沙，共准备了10个18万随从）  ,🙅🙅避免社交装作冷漠oo～～😒🙄️却被我发现🔍🕵️、兑现我的所有承诺💎～～精准的发言🎙️🤬、情投意合😍😘looked at them all👆👇🤏、👀👀酸的画面😅😅、爱就像闪电❤️🔥❤️🔥⚡️嗒来去无踪🌪💨💨为何如此善变😩😩😱,我的某位兄弟18年玩社交软件摇到我的姐妹 还总甜言蜜语地朋友圈留言 今天被我俩发现了哈哈哈哈哈哈哈哈哈哈哈哈哈哈哈哈哈哈哈哈哈哈哈哈哈 ,每一次的选择都很重要，选错了总是要为自己的选择买单的。不知道什么时候起，真正感受到选择自己喜欢的，去喜欢的地方，做喜欢的事有多么重要。曾经影响自己作出选择的，就是别人的评价，别人的看法，最终因为把自己陷入尴尬的境地，没得选择，只能听从，一切随缘。后来发现原 ...,我室友说我今天晚上可能要梦游 还鼻青脸肿的 在次我郑重声明 本人只说梦话 不梦游 如果 明早我在地下醒来或者发现有被打痕迹 一定是我的四个室友搞的鬼！没了！晚安！ ,啊延毕啊，所以大家真的都跌跌撞撞撞改论文被骂到了答辩拿到毕业证才发现原来学校很美的哇 ,突然有点想把妖尾补完，因为发现之前嗑过的cp竟然he了，好感动 ,5//:💚 💚 //://:  耶！就是这个造型！考古发现一张可爱的童年照,妈杯笑死我了突然发现河南话说傻屌真的是沙雕 ,:
      分享图片 ,最近看到魔鬼恋人这部在我朋友圈好像很火的亚子(也可能是因为我朋友圈翻到很早之前得了)一开始还疑惑这是哪一部 后来才发现这是我刚入坑时候看的第一部 当时好像是甜美的咬痕很火那一阵子然后迷上了吸血鬼这一类题材的 然后频频翻到他们发魔鬼恋人的朋友圈 咋说呢有空看着小孩长大的感觉 ...,打卡工具：语音负转正打卡时间：2022年三月三十号心智打卡第十天今天的思考了人生，以前的我喜欢把钱花在游戏上面，因为喜欢，但是今天，我突然发现一个游戏里面的礼包我可以在生活上可以买很多东西，游戏里很精致，现实却邋遢，想改变了游戏依旧很美，但是更美的是生活 ,翻了下发现几年前的自己真是叭叭叭的能写，居然还在朋友圈激情打字。真是共情能力太强看点啥都哭唧唧的。不过有一点要坚持，客观理性看世界少一点偏见，多听不同的声音，理性探讨感性理解。 ,突然发现下周没课的我 ,由于忘记大号的登陆方式，很久很久没管过大号了，刚才搜到大号再找到之前互相关注的认识的人（也算不上朋友），发现原来看别人有趣的生活记录真的会开心🙉 ,:
      没有什么比喝奶酪爆浆球酸奶更开心！如果有…那就是和代言人 一起喝奶酪爆浆球酸奶！关➕转，抽5提安慕希酸奶，明天开奖 ,我好像真的什么都赶不上，之前不爱看选秀今年补了一下选秀发现挺好看的，不爱看耽改后面也补了一下耽改发现也不错啊。可惜这些都禁止了，我真的好想看 ,完了感觉小最天生就是有批的，家里人都和他说这是正常的大家都有，直到和九爷doi才发现原来只有自己有批 ,吃了甜品，看了会动画片，被工作折磨的心情终于好转一点，开始网上冲浪，发现全在破防😂😂输比赛真的撕开了虚假的平和，大家平时都忍了好多不满啊，因为比赛打得烂，之前的一切对的错的有意的无意的都变成过错，看着蛮好笑的。我是不会严苛得要求喜欢的人，毕竟我也不是能严苛要求自己的那种人～ ...,:
      mg申请出战！ ,踏马我发现我也只会唱肖战那部分的歌 ,:
       跨越了山川大海，见过了世间百态，幻想过无数美好，期待过许多相遇。 ,尹烨说：“天花流行死了五亿，鼠疫死了三亿”。一个新冠能死伤多少呢？其实个人理解，到了一个阶段，就是优胜劣汰，按我国传统来说，只要有条件就要进行人道主义，这叫和！确实是伟大的国家，伟大的领导，可什么时候是个头，做生意不让开门，发现就区域封闭，有多少人有房贷，有店铺租金，还要一家上有 ...,我发现，我最近看到一些有趣的视频或者有意义的内容想要分享的时候，当我点开分享键跳转到微信的时候，手就悬在半空中了，我不知道要分享给谁，或者说谁会完整地看完我分享的视频我分享的内容并且可以和我有着或类似或不同的感受，深深体会到哪怕你列表里有很多好友，你还是很孤单的状态，更何况我甚至 ...,:
      人生就像一趟在火车上的旅程，你很难遇到有人跟你在同一站上车，又在同一个终点站下车，绝大多数人与你的关系都是阶段性有保质期的。有些人中途进入了你的生活，你们因为投缘而期待彼此可以有更长久的陪伴，到后来发现你们想看的是不一样的风景，于是对方率先走下这班列车去追寻自己认为更有价值的事物 ...,以前听的歌都好好听啊 现在不行了好浮躁没法认真的听完一首歌根本发现不了好听的歌 ,三屏同时 发现新大陆嘎嘎嘎 ,发现1例就立刻封城，当时我还不以为然…果然是我考虑不周,就是说刚刚突然想起来可以给文案配个图，寻思着编辑一下微博，结果发现要会员，然后默默复制了原微博，删掉后重新发了一遍，自己给自己整了一个大尴尬 ,后来你会发现你身边的人似乎不是你了解的那个人，或许一起经历过的大起大落，一起面对过的困难都是他装出来的，哪怕你认为自己已经非常了解他了，其实不，你一点也不了解，甚至陌生～ ,家里有狗 后来又捡了只猫 让发现一件特别有趣的事情 之前流行养狗 那个时候犬瘟热 细小特别特别多 打了疫苗就能预防 现在养狗的人都去养猫了 猫瘟又开始多了 同样的 打了疫苗也有很大的预防效果 联系到人类的新冠 我都怀疑是不是美国治新冠的药物公司精准投毒简直不是人 ,我发现我们家至今为止播的剧都是日播剧 都是上星剧 牛 ,路边 野花到底在为谁绽放是谁惊扰了寒风路人都没有发现墙上被静止的时钟滚烫的雨水淋湿街角 掠过这片天空抬头看不见月光 梦想被风无情吹动 ,忘了是怎么开始也许就是对你有一种感觉突然间发现自己已深深爱上你也真的很简单 ,我觉得还是当个傻子好，倒头就睡，像🦈从来不失眠，但当傻子久了，发现没成就就没精神状态了，所以怎么能快乐的当傻子，不要让我意识到我是傻子，真羡慕傻鱼鱼！ ,磕民诺是我近期发现能让我精神恢复正常的方法之一 ,飞升完打开了尘封的记忆，发现自己是上古的老友，觉得上古爱的不是真正的自己，决定娶上古的情敌，还要丢掉上古搞来的宝贝。在结婚的那天，气的上古老爹不惜用自己的生命唤醒上古。然后大号上线，接着大号觉醒了却忘记了小号的内容，也忘了曾经的对象和儿子，等于清号了。反正到后面大号也找回来记忆， ...,想耍脾气开了飞行模式 又想看看你有没有找我 关了飞行模式发现你根本没有找我  是我多虑了 ,竟然今天才发现这是我们学校 ,"那时我突然发现自己已经二十岁了，这个突然的发现让我有点不知所措。在那之前,我一直以为十八岁之后是十九岁,十九岁之后是十八岁,如此反复。" ,《海蒂和爷爷》任何地方都可以发现小美好呀 ,时间会解决问题、也会让人发现问题 , 我以为这是个解密游戏好家伙玩到后面才发现是竞技游戏我一晚上被炸死了几百次 ,默默干饭 后知后觉才发现变天了 真刺激 我不想动心的 可是我好喜欢的同事夸我了哈哈哈哈哈哈 , 第一次拿孩子装骨架，（之前就给练手娃装过一次）过程真的非常艰辛。我一开始开脑袋，发现脖子太小了骨架根本塞不进去，我就只能把脑袋缝上，开了脖子。然后好不容易装完了给她缝上，第一次装没经验，缝完发现头歪的太厉害了，然后我就又拆了...重新又缝了一次 ,  浦东北蔡，18号封的，然后叮咚，美团，小区核酸群都抢了一波菜，后来发现，也不能囤太多啊，会坏！现在每次都抢的少一点，不然吃不掉坏了也浪费。还不知道什么时候解封，6点抢菜还得继续。想回家隔离！ ,:
      今天上课结束有点晚。头发已经可以拉到鼻尖了。喝牛奶休息了。 ,最后的眼神有人get到吗我居然才发现,竟然在一堆杂物中发现了个香薰蜡烛生活再乱 腔调不能乱哇～🙃 ,妈妈今天给我打电话聊了好久说想我了她最近在学心理知识说发现自己以前都是大错特错说还好我没有出现问题说我的不自信我的小心翼翼敏感讨好型人格可能都是家庭带给我的妈妈说她要好好学心理学好好爱我和妹妹 ,我发现我这个人就是沉默成本心理很重，我就觉得我要是xxx的话那我之前xxx不就白费功夫了 ,你有没有发现在体制单位内总有一些类似伏羲氏、神农氏icon、有巢氏这种厉害人物他们已经不受"条条框框、跑来跑去、天天填表"这些所谓"规矩制度"的限制他们可以潜心搞事业也可以风轻云淡他们看天上的云层也觉得有技战法他们可以直接与玉皇大帝进行通联反馈编制内的小神仙见了也瑟瑟发抖他们看 ...,明天快上课了还有3部电影没看，晚上点开了一部发现有3个半小时 ,到最后才会明白，原来别人跟你说不值得，后来会发现你应该相信真的不值得 ,29号一大早醒来发现自己被封控隔离在了家中，小区有确诊的密接者，别人家的老公都是关心吃的喝的够不够，我老公第一时间问我的安康码是不是变成黄色了希望一切都快好起来 淮南加油！ ,驻马店发现五例感染者了,当你，从一个环境骤然进入到一所精神病院时，看来看去你发现和其它人各方面都不太一样为了免于质疑怀疑，你是会选择和它们一样，还是保持怀疑 保持自我？可保持自我，你又会遭到不同各方面的攻击，你接下来又该怎麽办？假如成为那变色龙，确实能成功融合每一个环境，可又会不会变着变着忘 ...,才发现昨天夜里做梦把表摘了然后它以为我一直没醒 ,刚刚翻日历发现我今年没有生气可以过，得到一月份才可以过了 ,见过的人多了以后发现大部分人都没那么努力也没有那么优秀的品质 反而觉得居然自己才是那个挺难得的人以前不能理解但是现在有时候还蛮能理解我朋友对我的高评价的 ,我到目前为止偷腥没有人赃俱获过。为啥，男的这么好骗。我坦白了，想分开了，他说不可能，是我想让他伤心所以编的理由。哦，真的很傻，要是编理由分手我会编一个对自己有利的理由。难怪傻瘪发现不了我长期偷腥。 ,宝，我赶紧学唱女生part我试了一下发现不会唱 ,可复美 类人胶原蛋白胶面膜 39.9  原来，许多故事，不仅仅是故事，更是一种感悟、一种力量。让书与心之间，搭建一座桥梁，去发现，去汲取，去成长！ , 今天给一位最年轻的胃早癌患者做了ESD，患者35岁，在外院发现胃窦凹陷性病变，当地医院病理为“高级别上皮内瘤变（中度异形增生）”，我院会诊病理也为是“高级别上皮内瘤变”。由于患者比较年轻，家人非常紧张，托人找来。今天的诊断发现外院内镜与病理基本符合病变特征。从患者胃粘膜特 ...,我以为我的煤炉能在62箱 发现它在63箱 遗憾离场JPG ,发现了 很多事情结束在2020//:2019年我觉得前途光明内心灿烂未来可期 现在只想摆烂😄,楼栋要封控啦，疫情确实不像我们想的那样容易战胜，病毒在暗我们在明，一旦有了适合生长的环境更加难以控制，小哲的平反之路也异常艰难，今天看到一个知名导演的维权似乎也经历了很长时间，说好的要斗争到底一定要坚持下去，每个人都有情绪高潮和低谷，不管怎样一定要去发现身边的美好，只要自己不把头 ...,不行不行，不能用爱豆做头像，不然微博被同学朋友发现就尴尬了 ,还有一些 在当时认为是天大的事情、值得铭记一辈子、肯定不会忘的 就在不经意间悄悄从记忆里溜走 等回过神来的时候 发现能记住的也寥寥无几 ,半夜看头发，发现大家丑的差不多 ，也知道好比你预想的剪的长一些，但是后来发现自己无发可剪，回想自己丑哭的时候，觉得我的头发还可以养着 ,我是真的发现越是缺钱的时候越有源源不断的东西要买 拴Q啊 ,我发现金田五来了以后，我看到的所有物料都好清晰啊🥺🥺🥺堂本刚少年？那个时期如果没表情得话，脸特别凶，但是笑起来就整个气氛都会改变年纪上来了以后，整个人都柔和了 神奇  ,快出来比赛啊昕哥猛然发现我近期微博好久不是和昕哥有关的了不可以再这样下去了已经半个墙头分给小袁弟弟了（不是x） ,看到网上形容自己的相貌都是在地铁上有被要过微信 这种（坐车被要过联系方式这个样子反正是）我就想啊那我没有过哎晚上突然发现我的相貌应该是属于看着就像有男朋友这种不知道为啥不认识我的人都觉得我有男朋友 ,突然发现自己的一种特质：对精神压迫似乎特别敏感，如果某个人试图把ta的观念以经验、性别、直觉等来改变我的想法，或者试图PUA我，而我在并没有意识到是PUA的情况下，我的反叛因子急剧上升，甚至可以当场撕脸吵架。我有自己的性格三观想法和处理方法态度 不需要别人用别人的东西对我指手画脚 ,安徽的防控疫情一直都做的特别好，寒假回家的时候安徽一例都没有下高铁还让看行程码什么的，淮南这次疫情处理的已经算快的，在发现的第二天就封城了，可是奈何不了淮南医院的资源不好，我知道也许这几十例对于吉林上海来说不算什么，但是淮南没有什么好的医疗条件，所以感染者真的不知道能不能治好,    发现一个乖乖的小狮子 ！  , 收一套燃绯霄秋冬，有加购下裙的才发现这件衣服🆘 ,我弟刚刚跟我说他今天洗澡洗得都是水蒸气然后发现我在镜子上写了他的名字可是这个名字是前几天写的天哪有被戳到还有前几天回南天 我在房间的门写了他的名字 也被我弟看到了 ,打开平板，输入密码。发现，生日快乐啊。 ,草草草在哥大读了一年都快走了才发现校门口右拐几步路就有中国大叔的餐车还没吃上但是看着这熟悉的菜名已经泪目了终于不用花十刀吃三明治了感觉可以住在图书馆了还不用做饭 ,突然发现好像不希望自己有多顺利的长大，有时候会觉得坎坷一点，吃一点亏也不是不好的事平安健康就好了  ,这边也要流水账  小学初高中老师说不要流水账 后来发现流水账都很好了  让我琢磨用词我就会烦得滚蛋 ,你们没发现dew宝发的是，今天我很好玩 ,今日负能量：昨天高烧一天也一天没吃东西 佩城家里的的热水管也坏了出了一身的汗也洗不了澡…今天好不容易退烧又咳嗽的不行 早八室内乐老师又发邮件问我是不是今天去上课 然后顶着破锣嗓子唱了俩小时 给妈妈打视频过去发现妈妈在医院说她明天要做手术整个人都懵了 加上昨天真的烧糊涂了瞬间流泪 然后 ...,:
      哈哈哈哈哈哈哈哈！！！  ,:
         雁南翔，叶纷飞，山川满目，秋色醉人不思归。—————「不思归｜4032㎡」中式秋景庭院/山庄，依山而建、傍水而居，全模块化/新隔断自建主屋+唐宋风格内装，尝试传递东方古典之美。—————蓝图相关：1、适配：九寨沟4K地皮，1、13、 ...,7//:💚 💚 //://:  耶！就是这个造型！考古发现一张可爱的童年照, 2 ,:
      路边社报道 : 俄罗斯政委宣讲部队优待政策 ® 都听好了 . 愿意参军的 . 我们欢迎 . 不愿意也不强求 . 我们可以发给你路费 . 回家伺候老婆看看孩子 ...   ,我发现了我讨厌一个人我恨不得把他祖坟都抛出来骂 ,我选135看到回到10年前 我刚出国那会儿 突然发现自己虽然觉得有的事情很遗憾但是并不后悔 可能也疲于再来一遍了 虽然遗憾但并不算后悔（也可能是因为怂？）看到不结婚 又想到如果真的和相爱的人在一起 我觉得可以是朋友、伴侣、家人      结或不结婚不是那么重要看到直接退休感觉和1太接近 ...,人生的30条忠告，懂了以后会开心很多。1、不谈恋爱死不了，脱贫比脱单更重要。2、不要跟眼界不一样的人争辩3、做你害怕做的事情，然后你发现，不过如此。4、三观不合真的很难做朋友，因为思想，经历，感官，全都不一样。就像我说大海很漂亮，你却说淹死过很多人。5、年轻的时候，我们爱得 ...,从前没意识 最近发现最了解我性格的好像是我爸 ,我发现他俩亲的时候，顾魏老是先闭眼，就很陶醉的那种，但是小林就有时候睁眼，感觉跟一般剧反过来 ,今天和朋友聊天，觉得一个比喻特别贴切“我们在学生时候遇到早恋，成绩中等或者差生，被发现，下一秒就被批评各种指责，带去政教处。但是全年段第一，会睁一只眼闭一只眼，会和风细雨的和你沟通利弊。”  那么现在的上海，不就是这个第一名么？  ,:
      落日飞车欧洲巡演 ,我的宝贝世勋真的好好，考古发现他好像总是会因为粉丝炽热的爱意害羞，他好像觉得自己明明就是个普通人，唯一特殊的地方就是当了个爱豆，为什么会得到这么多的爱呢？但是他也从来不愧对粉丝的爱，他会更用心的去回应这些爱 ,我跟飞姐发现离了“然后”“就是”“我觉得”我俩就不会正常说话了。一边克制一边一开口就是这些口癖，两个人涨得满脸通红。 ,我知道这种恶心是什么了，是你随便爱我一下消遣一下自己过剩的感情，举个例子，你买了我喜欢的口味的蛋糕我满怀期待拆开发现上面写着生日快乐，可今天不是我生日，是把别人不要的垃圾转手送我了。侮辱性好强。 ,俺又发现了两个新游戏 ,浅拍一下咱用PS画高光被发现了… ,生活是悲喜交替 茫然让你错失良机最终失意 勇气带你拼命前划逆流而上.每个人心中那个犟头倔脑的小孩 正是我们对抗不公 压制与威胁的力量源泉 我们接受教导 接受知识 接受正确与错误真实与虚构的界限.有一天 我们会发现:围墙坍塌原来外面还有别的世界 命运还有别的可能.而橘子 从来都不是唯一的水果. ,刚发现大学校外论文导师把我微信删了 卑微 , 哈哈哈林之校好可爱啊，明天就完了哦，我以为我不会舍不得但真到了我才发现我舍不得林之校,发现自己有个怪癖 拿到驾照之后特别喜欢看别人科二科三考试过程 咱就是说每天都看导致现在大数据推送 抖 书 上全是科二科三 ,最近情绪时高时低的，但发现撸铁真是不错的舒压方式，心情不好就加片，加片完就爽了。今儿手机突然跳出回顾，真是青春有几年…………害，不过比起基层我们已经算是幸福的了，逆风猥琐发育吧…… 希望2025年我能去大教堂看封顶！ ,想剪刘海的时候，就买一个假刘海，既能过把瘾又能及时的保住我的狗头。最近发现闲鱼是个好东西，简直就是我断舍离路上的活菩萨，我再也不会因为闲置物品大包丢弃或捐赠一边感到丧良心一边又管不住自己的手了！我现在的每一件旧爱宝贝们都能找到一个新家 ,我真的是受够了回南天，总觉得屋子里一股子霉气，翻箱倒柜找出来火柴结果发现受潮了点不着，又一通翻找找出来了打火机点了蜡烛所以首页有什么木质调留香扩香都不错的香薰蜡烛推荐么 ,我发现换物真的好难界定换比orz，但是又不太想h价出了之后再h价去收想要的，有种倒爷，或者助长h价的感觉orz我有：齐司礼生日吧唧（复数）萧逸生日礼盒查理苏生日手写信和丝巾我想换：查理苏生日色纸立牌萧逸生日色纸立牌陆沉生日立牌什么样的换比会比较合适 ...,因为。。所以。。我才发现百合熊op和企鹅罐op不是一个人啊！！！ ,:
      我准备等下的抽奖定实物，然后开奖了私信粉丝三个字：zfb～ 啊这种感觉我想体验很久了！想想就激动！ ,:
      世界上三种人体，男人体女人体和我编的人体。 ,记录一下，昨天梦见回到了我俩的小学，记忆好清楚，连我俩教室的位置都是对的，下了偷偷去你教室看你，结果还是被老师发现了，在一个学校真好呀。 ,十点档的看完剧刷个微博发现也错过太多了吧,哇 真的 差点差点 还说要送澜皮肤 还好没送🙏🙏🙏感恩老天爷让我有此机缘巧合发现渣男🙏🙏给我省钱了 ,孙策➕妲己真的太快乐了，为什么没早点发现开船的乐趣 ,:
      躺平不上班，江湖送你“带薪假”！【共转抽50000元现金躺平基金】江湖首个梯度服4月1日即将登场，阶段式养成，慢节奏步调！系统减半，提修简化，养肝护肝，闯荡躺平江湖！悠然不止江湖，三哥送你一周“躺平假”，不用上班，不用搬砖，不用打工，薪水照发，快乐如初！不上班了，少侠一起 ...,是谁大晚上重温童年看百变小樱然后发现自己是杂食党🥲 ,三十岁以后才发现。把想念和爱意说满了会给别人造成负担  ,《关于我半夜躺在床上想起来 我妈让我洗碗碗还没洗然后偷偷摸摸爬起来洗碗 被我妈发现后我妈让我把家里桌子都擦了一遍这件事》 ,开心速递｜26岁倪嘉雯做女记者再受注目：仲有进步空间TVB处境剧《爱．回家之开心速递》昨晚一集（29日）讲到尚善（滕丽名饰）意外发现记者Carmen（倪嘉雯饰）遭贼人迷魂，并搜索她的手袋。尚善高声呼救，贼人向尚善的腹部刺了一刀后离去。尚善渐渐失去意识，醒来后查看Carmen的状况，见她仍然昏迷不 ...,我发现我每天想学满5个小时简直是天方夜谭我的规划是每天一节高数一节线代背40个单词做两道力扣基础题这样子事实上昨天我带上上课（下午两点上到六点，应该算180分钟，我扣掉摸鱼时间只认真听了120分钟）一共只有5个小时左右。我愁容满面多上了一节高数才凑到了6个小时。啊！怎么会这样！ ,行了，够了，点到为止，你可太无聊了，再说话就要暴露了。我做自己喜欢的事不是为了给人指指点点的。我来这不是为了给自己添堵的。生活啊生活，我爬上高塔又跌落回孤岛，跳进海里才发现人与人之间的距离比想象中更远。 ,连续看了几场虾虾的直拍 发现她好认真 就是那种到了自己的趴才会分出一点放松的笑容 像上学时科目全优的女班长 好帅 好正经 不划水 看了想为她付出感情🤤 ,我真的会无语  我看他在直播间讲恋情还哭了 还以为他就是被发现了不得不公开 然后看着他直播间10万+的人跟朋友说怪不得网红总是要谈恋爱和分手时带货  结果下一秒他就开始带货了 ,:
       檀健次采访提到了《 》沈翊，说希望大家把自己和沈翊分开，大家喜欢沈翊我很高兴，看角色就好了。是认真的在对待角色和演戏了 ,【 ：想想你儿子，一定要坚持住！】近日，河北衡水，一辆轿车在高速行驶时撞向护栏，女驾驶员受伤昏迷。交警赶到现场，努力与伤者对话，不断大喊不要睡！随后急救车赶到。经了解，驾驶员张某因家庭琐事心情烦躁，驾驶时注意力不集中导致车辆发生偏移，她发现快撞上中央 ...,我才发现这段路那么长，和你走起来又那么短 ,发现自己真的有点洁癖就是 无暇以外两人任何cp都 吃不下去 其他人都无所谓变成不拆不逆洁癖人了 ,发现我最喜欢的睡衣破了一个小口子，然后我就干脆给撕大一点，真的好解压啊啊啊啊，我想继续撕，可我很爱它会继续穿它，哈哈哈哈哈哈 ,维生素D在免疫调节上新发现#健康百科  ,平安泡泡日记17今日温暖来自于书书的西瓜霜…我真的上了大学以后所有的西瓜霜都用的ss的😂翻了翻相册发现基本每年的三月底都在拍花花，今年倒也没错过啦！希望明年的三月更开心更缤纷！三月最后一天希望一切都好🍎 ,这次回归也太寡了吧 除了打架啥也没有🥲搞完工作想去db吃口饭 发现饭盆都让人给踹了🥲 ,:
       烂尾有多惨？实拍 烂尾10年的小区 300多户居民住进没水没电的  ,突然发现两天多没消息了……好担心……又怕是睡了……我也睡吧，明天联系…… ,随便哼歌，才发现ABC歌和小星星是一个调 ,有什么比以为今天截稿疯狂赶然后急急忙忙的交了才发现明天才是截稿日更爽的吗 ,每天都是公司宿舍 两点一线今天早上不经意的一撇发现我上班路上的花有很多都开了每天早上都是匆匆忙忙的都没有注意过路上的风景只有下班的时候才会步伐慢一点工作再忙 生活再不如意也要留点时间给自己看山看水 赏赏花 欣赏大自然的馈赠君在不在都无所谓了青山在就好了 独自欣赏有独自的美 ...,讲道理时间真的是治愈伤口的良药。因为把时间拉长，你就会发现以前的种种都是小事，不值一提。一起经历过很多美好，再见的时候还是会说，最近过得好吗？希望你开心。 ,不得已揭开自己的伤疤 可是发现了解决不了 只会自己再难受一次 要是当初真的能保护我站在我的身旁给我力量 我也不至于受伤害不至于现在要自己治愈 ,:
       与空间和未来的一次对话 ,怎么学校还要封啊 都没有病例了我想吃披萨想吃外卖想吃酸汤粉啊呜呜呜呜要开始做WB了我真的是要按人中了今天突然发现rach的黄金万两，好喜欢！ ,治疗失眠的好方法就是听哲学课睡觉…(喜马拉雅免费的听完了 转战b站 话说以前怎么没发现b站这个“听视频”的功能 ,我终于想明白我为什么总不开心，为什么跟别人不一样了。我的人生就是一场巨大的完美主义陷阱，“人活着是为了什么”，我总想着找到最优解，我太害怕活了几十年最后回望发现走过的路满是错误的选择和遗憾，可是完美的人生并不存在，我们也无法避开所有苦难。松弛一点，不要太较真了。 ,我去他怎么那么冷静没注意到自己被发现了嘛,在不停的重复回磕发现这个八月真的不简单诶是重度变质的月份 ,看录像发现我E5P2的Nelson和E5P3的长陆都是没有摸，在T有利斩的 ,发现一个定律、只有很闲的时候才会胡思乱想、才会不停的发微博（生气的时候除外） 如果我很忙的话就会忘记这件事、、 比如现在我睡前就很闲、、所以想起来发微博 ,隔了好久才看顶楼三还是觉得这剧狗血，尤其是把韩国的警察和法律表现得一文不值，杀人随随便便也不会被发现，篡改罪名出狱也是随随便便，每一季看得都让人脑淤血，还有哪来那么多长得一模一样的人 ,思考题目是xf设立谁受益(我也不想当缩写怪，可是这门课连微信传个教材都会被夹)，我发现我的同学居然能脱口而出"当然是普通民众受益，这有什么好讨论的"，思想觉悟之高让我自惭形秽 ,我游过大千世界 重重山水然后发现世界上最好的爱是跨过万水千山后 来与你相遇是的 与你相遇肖战我喜欢你💞 ,老爸，生日快乐吖！🎂 🎂 🎉 🎉 2006年  2020年  2022年突然就发现你有岁月的痕迹了做你女儿真的很幸福哦✨ ✨ ,用小号偷窥了一下大号 发现我要是别人 我也会很喜欢看我的微博 ,如果你哪天觉得追星追得不开心了 就来找我 来和我一起玩一把紧张又刺激的合成大西瓜你就会发现其实追星挺开心的不过我的意思是说 我要是再嗑不到💊 我就要跑路了（bushi） ,关于会昌县发现1例新冠肺炎确诊病例的公告2022年3月29日，赣州市会昌县在对重点场所从业人员常态化定期核酸检测中，发现1例新冠病毒核酸检测初筛结果呈阳性人员，经市、县疾控中心复核确认为阳性。3月30日，经市级专家组会诊，诊断为新冠肺炎确诊病例（轻型）。该病例已闭环转运至定点医院隔离治疗 ...,大为震惊 薅了上好佳薯片 发现它竟然出了香菜味的(ps我觉得这个薯片比乐事好吃) 希望别抽到蜂蜜黄油味的 我讨厌这个味的呀土豆 ,:
       【余生放映厅】林老师的病情愈发严重，顾魏不忍隐瞒林之校，告诉了她林老师的真实病情，难以接受的林之校崩溃大哭    ,刷着抖音微博，突然发现国人现在都日子过舒服了，开始病态发展了 ,我发现我对爱情过敏 ,我对一个人做出的评价很大程度上取决于这个人的歌单，所以当我发现我感兴趣的人听歌很厕的话，本人会比失恋还痛苦。。 ,If you look for it, I've got a sneaky feeling you'll find that love actually is all around。如果你仔细寻找，你会发现爱其实无处不在。 ,突然发现手指头变细好多 上了称 啊 因为论文一周掉了六斤 要谢谢你吗 翟博士 ,深夜厨王日常最近发现了做饭的秘籍但凡做菜放进一个西红柿立马都会变的好吃于是买菜买到忘我分批次买了十几个回来（因为害怕疫情每天都会去菜市场买入一点菜补充冰箱）没办法开始更加疯狂的吃（怕坏掉很浪费主要因为一些💰）终于在今天的菜色遇到了西红柿的敌人我不知道为什么我会把鸡胸肉和 ...,人格是做人的品牌。人格如金，纯度越高，品位越高。做人一辈子，人品做底子。出去走走，看看不同的风景，接触不同的人和事，你会发现，你的烦恼原来是那么微不足道。 ,有点感性，终于发现我们已经是两个世界的人了，不再抱任何复合的希望了。至此，互不干扰。 ,要不是这次大考坍台还发现不了 这几年那可真是一点没进步嘛//:林校长讲课总是很精到。“行政有效，治理无效”，总结到位。,准备开启二周目 ,要不是太饿都没发现忘吃放纵餐了，炸鸡还是没烤鸡好吃。 ,:
      永远喜欢真诚的人，真诚最能打动我 ,我真的有在努力克服我的社交障碍并且好像确实有点进步 因为我发现我是想社交的只是不会疫情还有该死的一点就是让我毫无社交我的社交计划完全泡汤 ,今天看qq发现虽然删了qq好友但是还能搜到之前的聊天记录，然后我就看了一遍我俩之前qq的聊天记录挺好的，我觉得以后还是用qq比较好 ,学校图书馆的英文藏书我是真服了，经常能发现意外之喜～  ,怎么办怎么办 感觉被发现了！！！ ,唉 夸夸我们淮南 反应的真的很迅速，第二天全市停课全员核酸，出租车公交车停止运行，可是发现的晚了传播速度太快了淮南加油 ,救命，我发现国内什么都能撕起来，现在配音圈也撕起来，真的好奇怪，感觉国内的cv除了资历比较深的，其他的感觉水平都不咋样，他们在那撕什么呢 ,黑色雨夜加班加到10点，到地下室找电动车花了15分钟，淋雨骑车回来后又发现放在车后面的东西全掉了被自己蠢哭 ,我妈：在银行被忽悠买了一万欧基金，直到钱少了才发现这不是储蓄账户。我爸：买的新冠检测试剂股票，从涨50%到亏几辆五菱宏光。不难理解为什么我的基金一片惨绿了☝️ ,真是这样。一个一生只在奶奶坟前流过一滴泪的人，就是小薄嘴，他说他没有感情，也不理解别人为什么会哭。我还没发现过一例打破了这说法。还有就是，你胖了！哈哈哈哈哈哈哈哈哈哈哈,笑死了，不是吧汪有？你就这点气量吗？刚取关你就发现你秒速把我删评+拉黑了，被几十万粉丝的大V拉黑，真是我的荣幸呀。其实自己心里也知道这事儿自己做的不对吧？的亏你女同学气量大，不似你这么小，把别人的隐私乱七八糟编排一通发在公共平台引流，还引导网友指责她，这不就是典型的长舌夫形象吗？ ,  说真的，我因为在某个短视频平台上面刷到猎罪图鉴这部剧，然后待我有空的时候，我把整部剧都看完了，很喜欢里面的角色。同时真正喜欢上檀健次，是因为在短视频平台里面的各种考古视频，发现檀多多这个人真的很不错。 一人一句檀健次！ , 就是这种戴眼镜斯斯文文，又有点害羞的帅哥最让人心动啦  ,家里换了宽带1000兆 还是觉得很慢 手机微信经常在连接中 iPad网速就很快 后来发现是手机问题 13pro信号真垃圾 ,其实发现我的腰真的挺软的 ,意外发现忍者570点数装还挺好看的，等点数装退休就把你塞进幻化柜。不过我只换了头和上衣，图上的手是校服，不知道全套看起来怎么样……但是带辫子的发型戴这个头会有一些穿模灾难……要是没有后面这个就好了…… ,翻翻相册发现有一张年初照片过得好快马上要四月份了安～琳 ,脱了鞋后才发现脚肿得像🐷蹄，麻了 ,:
      为什么有的人觉那么少，，，一点睡还能六点起，我不理解如果我一点睡，没事的话至少躺到10点半，有事绝对不会一点睡，因为第二天我会困死 ,～～～～  这条裤子是我穿的最舒服的又便宜的瑜伽裤了，可是我发现萝莉家的衣服现在涨价的厉害而且款式也跟以前差不多，一旦网红更红，就会变了味了 ?  ,我好像真的分不清谁对我好谁对我坏，我这样真的好过分，连我自己都觉得自己过分，所以遇见爱的时候要反复去和曾经的人比较最后失去才发现最爱的不是原来那个，过往的回忆迷失了现在的我，严重影响了现在的我，自己还穿插活在过去，心里选择的早就不是那个人了 , 她抛弃了他，嫁给当朝有权势的王爷。从此他的仕途便一帆风顺了起来。可没过多久，他便辞了官。她以为她给了他想要的一切，却发现什么都是他眼里的不屑。 ,王者荣耀快倒闭了唉你看最近的游戏不是人机就是演员，明明整局站着不动却还是举报不成功。这是因为王者荣耀匹配机制发现大家都不愿意巅峰赛，排位赛，而是选择娱乐模式，为了分流故意设置的。随着lol手游的推出，王者荣耀一直在走下坡路，玩家的流失已经是时代大潮。为了抓紧赚快钱， ...,当你度过了思想混沌的阶段，回头看才发现那只不过是新旧思想的磨合 ,回复:你也帅你也帅//:回复:哈哈哈，两幅面孔被发现了呢！帅帅帅！//:！！刚才跑步时候听的，又多跑了两圈！！,发现了一个可以很快熬过在学校的小方法 就是玩魔方 这几天一直在玩魔方 感觉已经沦陷进去了 ,现在才发现拥有一个脾气steady 的人是多么的重要和难得遇到任何事情都好像胸有成竹地说：没事不要怕，有我在这种男人真的存在吗？那种哪怕下一秒就有可能被打死，但是一看到他就会觉得心安了的人真的存在吗？ ,高中的时候，我认识了一个男孩，他叫贺锦朝，直到现在，我才发现其实他只是我的白月光，从来都不是我的段嘉许，而我……也不是桑稚。          记得高一那年夏天，小言去你们班找你的时候，她把我也拉过去了，我倚靠在门边，拿着一个棒棒糖，正津津有味的看着《散落星河的记忆》。在无意间的一抬眸， ...,太乙灵道法之黑山收影法，每天对着自己的左手练功100多天了，突然发现左手发亮发明，不可思议感恩师父传授正法🙏 ,读课外书也是种奢望哦，听完课看看书睡觉，发现新买的书上粘了油渍难过，希望四月结束前能把这本书读完。 ,杀了盗宝团后发现的纸条 ,我真的谢红码情侣逛朝阳绿码学生学校蹲 ,每次翻以前的相册，都会发现，“这个帅哥我曾见过的”，只是当时不知道是谁而已。新田真剑佑 ,我真的刚看了他直播，然后我就想来搜一下他微博，结果就发现已经在热搜上了 ,摸一把，希望你能发现我摸了你,昨天打的九价第二针今天竟然发现胳膊上有一个小小的针口以前打新冠还是什么的都毫无痕迹不得不感叹第二针确实有点小痛啊那个针头是真的长 ,发现自己长了蛀牙，这种感觉就和我小学知道偷懒两天刷一次牙以及睡前吃糖会有虫子把牙齿吃光光的感觉一样。我一定要每天好好刷牙 ,失眠了 突然发现自己好渣 ,2022年3月30日发现了儿子的小秘密没想到他还有另一面刚四年级 , 原以为大自然的鬼斧神工已足够震撼，后来渐渐发现人类内心也蕴藏着不逊色的力量。——王源《冬夜回望》,MD！！时团再不出来我就要去看别人了（最近发现好多帅哥美女） ,:
      一则射箭体验纪录🏹瞄准靶心，定位愉悦，想和哥哥一起玩射箭🏹呀😍  ,超作业会抄别人的名字的水平。发现最基本的笔画顿笔一点不会，以前写字帖纯属浪费。 ,一年的1/4过去了，好像又是一事无成我发现我必须要在人烟里生活才会像我原原本本的样子，独处的时候反而不像我自己以后要多多走出去，好好地生活 ,帮别人分析问题，然后发现掰扯的全是自己的问题难不成这就是当局者迷，旁观者清  ,悄悄记录我和这个女人的故事希望你们都不会发现哈哈哈哈哈哈哈哈哈哈 ,淦！我发现我手机最近滑动不是很顺畅，有点掉帧的感觉卡卡的！手机宝宝你要好好的，我可没钱买第二个你 ,我发现了 只要提到怪力乱神相关的词汇微博就会给我吞掉…… , 这种事情你也想的出来，你想过被你老婆发现以后是什么后果吗？到底要怎么解释，不会后悔吗？ ,:
      啊，刷到今天是330，让我突然被回忆攻击，陷入回忆非常矫情，大家谨慎阅读此条。5年前的今天，也就是17年3月30号，是我第一次去拍他。其实我是16年就喜欢上他的，但因为我是一个非常慢热的人，按以往经验来说很难喜欢上一个人，所以尽管当时每次物料都最爱看他，还和朋友开玩笑说他是我的小甜点，但完 ..., lx  我想把世界上最好的都给你，却发现世界上最好的就是你。李现 ,我突然发现自己并没有以前那样需要一个人来陪伴我了 以前的我可以说没有男人活不下去 我在分手以后立马谈下一个   但是现在我才真正的明白 我需要的是一个精神寄托 无论是他在哪里他在干嘛他有没有回我消息 只要他是这么一个真实的确切的人就好 ,其实我第一想法都挺不着调的……但通常结果我都不会跟随这个想法走，沉淀一下就“正常”了。我挺会通过选择把自己塑造成一个什么人，做的事实际可能一般永远都不会是最想做的。我想成为什么样的人就会成为什么样的人。永远在想未来的事。突然发现原来我自己才是最空的，我知道只要什么，可我不知道 ...,留了个🔞漫画准备睡前看，看了第一章发现自己原来看过……立刻索然无味…… ,看那个视频才发现小胡画画好好呀本画渣实名羡慕了 ,不觉得移除后还能发现再关注回来很可怕吗……just stop…… ,3.30今天心情真的很差很差，但幸好你没发现，我已经很努力压住自己的情绪. ,八百年了我才发现 宝的名字是杳不是沓，好家伙互关几年一直喊的沓沓🙏时至今日才意识到当年应该喊金光杳呢 我是文盲斯密马赛 ,【嘉兴南湖区在集中隔离点检出1例阳性感染者】据南湖发布消息：3月30日晚，南湖区在集中隔离点隔离人员中发现1例新冠肺炎阳性感染者：吴某某，女，居住地为南湖区东栅街道景湖花园东区1幢，系嘉兴经开区公布“3.28”疫情阳性感染者病例7王某某的家庭成员。目前，感染者已转至定点医院隔离。相关轨迹公 ...,明明要听网课的，但是这个up主声音太好听了，听了半天沉浸在声音当中了，具体讲了啥，完全不记得了，抬头发现图书馆已经没人了，回去买点辣条次次! ,凡谄上者必骄下格局打开，你会发现有些事情根本不配影响你的情绪 ,暗石疑藏虎，盤根似臥龍龍與虎代表著陽氣所謂臥虎藏龍那麼重點就是臥與藏意思也就是陽氣需要內斂不至於過度逸散耗盡老虎遇到獵物時會伏低，並且尋找掩護，慢慢潛近，等到獵物走近攻擊距離內，就突然地躍出攻擊。所以當老虎是臥著的時候，代表隱藏不漏的能力，一當發現獵物，才會展示 ...,公主之所以被叫做公主首先是让人觉得难以接近很高冷 其次是接近后发现很好聊心底很善良是只会漏出肚皮的猫咪 但是形容是猫咪好像也不够准确 比猫咪要更黏人 带很小一点狗狗属性 还是做独一无二的公主动物吧 ,平安健康快乐自由暴富吃完这顿到家就发现禁止堂食了 大家都一定要好好的！！ ,我发现我真是忘性大 昨晚觉得难过的要死的事情 今天就不气了 ,突然发现，顾姓很好顾魏，顾一野要幸福呀 ,我发现好像很不喜欢现在的自己 不知道自己该干啥 没有清晰的目标 好像每天都在混日子 我也不知道该怎么改变 我也想看一切都云淡风轻 想我近期看的小说里的小齐大人一样 不以物喜 不以己悲 但真的好难好难 这几年真的好难 什么时候才能好起来 你要喜欢你自己呀 小小路这些别人都不知道 只有你自己知道 ,好想od想嗑思瑞康，但是剩的不多了再o绝对会被发现 ,发现过去哭太多了，长出了一颗泪痣 ,一抬头发现是见过的演员郑昊 ,0//:💚 💚 //://:  耶！就是这个造型！考古发现一张可爱的童年照,刷B站看见一些太太录视频是自家宿舍楼顶于是跑去亲友群分享结果发现大家其实认识，世界真小啊 ,:
      感觉我的笑点比较阳春白雪 ,想吐槽一下bop的这个品控……昨天晚上在屈臣氏买了两瓶这样式的口喷 晚上回宿舍就打开用了 发现喷嘴没有对齐……想问问是不是都是这样 还是品控不行？（使用起来口喷味道是不错也不呛  但就是这个喷嘴很让我体验感很不OK了）  ,下午四点吃了小半包，肚子疼到现在。在便利店买的时候没仔细看，一搜发现是（）国的，真的会谢 ,哇哦，发现心情好的秘诀了[报税][报税] ,回过头来看才发现有好多遗憾 ,四月份，从决定考研开始， 我发现我很难进入状态，还是因为我自己能力与野心之间的矛盾。人从高考之后进入了一个阶层，从这个低阶层跳入高阶层，对我来说真的很困难，四年的时间带来的眼界的变化，不是每一天看书就能追上去的 。一个人如果负担太重，那他一定走不远，用尽全力或许也到达不了一些人的 ...,博库终于发现了问题哈哈哈哈哈哈哈为时已晚 ,图2倒过来看，你会发现惊喜，这个男人太会了啊靠，小水母很敏感，能听到蓝色海洋上风暴来临前的次声波啊啊啊啊啊啊我要疯了 ,虽然是用出血打的，但没怎么被打到，所以我就原谅自己当做成功了吧看录像才发现一阶段压制的还不错，都没出水鸟  ,Day4感觉是一个特别温柔的作者，后来发现还是一个大美女 ,我发现这两年我能逐渐摆脱一些所谓的影视博主的捧或者贬的视频 表面上很搞笑 其实一直在用搞笑加深观众对某些演员的刻板印象 好不好看自己看了才算数  这都是很主观的东西 我现在基本上能和全内娱不犯法不背德的事业批演员和解  ,圆圆的小航我心软软突然发现真的长大了哎,今天已经发现有人打开了南京各高校的路子 能够帮助农户们真的很不错,:
      高三党的作业本。 ,:
       你们真的是用显微镜看剧的吧？？ , 战战，今天一天都很困，可到现在还是没有睡。老家昨天发现有yq清明没法回去看老爸，看双顾常会想起我的超人老爸。如果他还在，可能好些事情就不同了。🙏。 ,无奖竞猜~这是哪个好兄弟之前水课的时候随便画的整理资料的时候发现了争取这周画完头上那揪黑色来得莫名其妙 ,刚刚又听了一遍 我发现我顺前面的和声也好好汀 ,其实，女女没有什么东西是不能放手的。时日渐远，当你回望，gay你会发现，doi你曾经以为不可以放手东西，les只是生命里的一块跳板，令你成长。 ?  ,刚看合剪的频发现哥和小鱼的cp居然没有名字这怎么能允许呢所以俺们开始了最后鳕鱼赐名一笑（肖）倾心（欣）下次剪频就用这个了 ,才发现我也有互动榜了 ,我知道柴米油盐就是最好的 因为我深知我是一个会发现爱的人。,我娃那天想和我换面包，问我：do you want toswap？今天我刚在b站学了个cabinet，回来翻书包发现幼儿园刚好教了这个单词，还教了janitor这些奇奇怪怪的词汇，我落后了 ,有人把李白杜甫一生的旅行足迹做了地图，忽然发现..... ,曾经我以为他不懂，就一遍遍告诉他、暗示他，最后我发现有些人不是不懂，是他不想在你身上花那么多心思，细节这个东西，我说你才做，它就变得很廉价，我说了你还不做，我就变得很廉价。 ,