,:
      【河北廊坊一区发文要求扑杀新冠患者户内动物，廊坊疾控：已经停止】3月30日，河北廊坊市安次区发布通知要求全面彻底扑杀新冠患者户内动物一事引发关注。当日17时许，廊坊市疾控中心一名工作人员告诉澎湃新闻，目前这项工作已经停止。澎湃新闻此前报道，上述通知中写 ...,:
      找到了中文版的 有人评论吗 ,建了个群～漫画文广播剧同人等都可以讨论，希望给大家提供一个不光是bkp的二次元自由交流平台～🚫群禁止讨论其他cp❤️群只推文不槽文我想活着啊哈哈哈🚫不膏肓（蓝鸟）不代餐❤️爱护群里的写手太太们咪啾～表催更嗷 ,我喜欢的男人真的都是一挂长相，就连二次元也是杀生丸那种，以后的男朋友有世勋的五分之一相似度我就谢天谢地了 , 想扩点二次元同好！我aph杂食党，最近在萌雪兔组，如果有同好就好了！游戏打音游和视角小说，偶尔上号光遇！我的扣扣2070347461（鞠躬） ,  每有一个太宰中也秀恩爱的视频，就有一个敦敦被嫌弃  ,不得不承认 美好的爱真的只存在虚拟世界里…只存在于二次元 至少对我来说没有爱过实质的人时 只爱着纸片人不知道到底有多快乐 为纸片人的爱流泪 为纸片人用爱发电 我有可以逃离的世界 可是现在没有了 实质的爱让人窒息又绝望 ,:
      正常女性：女性有喜欢换装游戏的，有喜欢乙女游戏的，也有喜欢玩动作，角色扮演，冒险，战争类游戏的，满脑子刻板印象的GN能不能滚？不正常女性：虽然我是女的，但我也讨厌换装游戏和乙女游戏。我就喜欢动作角色扮演冒险战争类游戏，我觉得这些游戏更有内涵！和女人在一起玩没意思！还是和男人讨论这 ...,Put too much soy sauce and MSG in egg fried rice, bring so dirty....Haiiiyaa ,救命 二次元人吧,我一个姐妹打游戏买一堆皮肤 另一个二次元买一堆手办cos服 我追星女买一堆周边代言 三个人爱好毫不相干互相不理解 但是又都很尊重 有时用外圈人眼光给对方挑 我觉得这种相处方式真的酷爆了 比那些搞鄙视链的强多了真的 ,为什么我是个在三次元生活中的five同时还是个不会产粮且在二次元也完全没有存在意义的five啊我吐了 ,还是二次元帅哥更能吸引我 ,安排        ,男朋友二次元，第一次尝试了这种风格的衣服，衣服是天羽川声乐部，正版的，好不好看男朋友说了算，质量上没啥问题，是200价位该有的品质，穿上很舒服，夏天穿非常凉快，第一次体验很好！ ,二次元场面  , 美图分享(32) ,所有的英灵释放大招跟金闪闪的大招对轰   ,不发二次元了 当个坏现充 ,啊这个背……就很适合背后…作者：麻尾  ,:
       霍格沃兹魔法学院开课啦 一起探寻神奇动物的世界cos出镜：秋张 赫敏  摄影：  后期：47、自理后勤： ，杨sir学霸和学渣共同送来祝福继续加油冲鸭  ,等等，我不大（才怪）啊~lof：木可柒  ,:
      Billlie 福富月 - a sign ~ anonymous 直拍💛💛💛  ,诚求一位二次元老公有没有家人介绍一下 ,看看你在小说里的属性  ,谢谢！！  ,:
      ✨ 【视频】 220330更新志晟相关Let's Play 'Glitch Mode' l NCT DREAM主舞的C位cr.sofftjs 资源:桃桃📣工作组招新  ,真香，自己爱的人还是要哄哄的！！  , 太古记忆被唤醒，大古不知道的，小女孩却知道  ,tsuki要是再瘦一点就真的是二次元纸片人程度的可爱,可爱鲨鲨！！！想要抱一只 twi：Penguinbox1 ,牛批，现在的二次元三次化都搞到这份上了//:我们的一生中会遇到很多困难，离别总是最难的那个。林老师同样是我的家人，让我们一起珍惜当下，和家人创造更多美好的回忆。,突然想起来 没病吧画丝 把二次元帅哥小偶像跟三次丑b蝻联系在一起真的没事吧 能不能棍啊 跟楼丝合葬了 ,有的时候真的很难受……我姐这种人，除了是我姐，完全就是个平时根本不会去理会的人渣，可是正因为是我姐，不想接触又不得不接触……而且，她对我还算得上是个姐姐……要是只有自己一个人就好了，什么都不想理会，真的不知道要怎么活下去，像我这种性格，二次元里铁定是个会被校园暴力的人，虽然我从来 ...,我真的好爱绝爱，我觉得南条就是kun在二次元的分身//:哪里看…………….好爱,和🐼聊天聊到大二投稿，我们就说，在大二最不受欢迎的就是死宅，二次元浓度太高了反而不会找不到。🐼：“在大二最受欢迎的二次元是什么呢？坐标北上广深，至少有一套房。身高180+、不用长太帅。工作稳定，月入半狗起步。最喜欢的番近几个热门番占一两个（鬼灭咒术国王排名），会打王者荣耀，要求 ...,笑死我了，三次元会很尬，但是二次元的话辰辰真的好可爱啊我更喜欢他了！！！更真实了//:图来了（。）  //:等一个婚礼现场空气投篮的动图,热情与欲 望，绝了！！ twi：Gogglesyo ,  这是唯一一部不靠脸蛋征服我的动漫  ,:
      真的只是太忙 ,我需要从二次元抽离一阵子………（无声地哇哇大哭） ,為什麼我不會畫畫！！！！為什麼！！！！要是我會就能實現和二次元老公們談戀愛的夢 ,二次元下班回家 ,开开心心的生活，支持自己想支持的人，从来不去骂别人扯别人，所以幸福开心的生活着很开心，心暖暖的支持喜欢的宝宝们，希望他们变得越来越好，面对人生大事是要自己勇敢的往前走。我们一起加油。生活不止有三次元明星还有二次元生活挺充实的感觉很好 ,想不通为什么不能直视男生腹肌照片呢？一看就要自觉闭眼，好吧我承认我的所有Xp仅限二次元🤗🤗 ,:
      分享图片 ,很喜欢天官赐福动画，很喜欢阿杰，也很喜欢729。不晓得之前到底发生过什么，但是有了姜sir的版本还可以试试别的版本啊，搞不好会有意外惊喜呢……阿杰都四十多了吧，因为混二次元圈子，还要被网络战斗力超强的小朋友们天天网暴，连着被骂的还有priest，有些话真的太难听了，都还是十几 ...,这个系列哈哈哈笑死我了 画师:布朗尼 , 真tm服了，二次元还整这套，就选择性眼瞎呗！部分人把自己家摘的也太干净了吧，敢做不敢认了属实是。果然一个群体基数太大啥妖魔鬼怪有，这广场不看也罢🙃🙃🙃 , 整理了一下后续拜托那位严浩翔（谢天谢地终于让我打出来了）能不能领走你的小粉丝大半夜屠别人超话还有理了她们嘴巴真的好章先撩者剑望周知知道你们很糊，没有xz的命就别学他做事四海为家这里碰瓷那里碰瓷二次元的毒..瘤跨一下吧 ,源于一种对上翘眼角都很色情的二次元想象，我常常平面话演酱~ ,头顶假发由个人送啦 疫情恢复寄噢评论就成 泉州解封后由！【三分尺寸 二次元头戴的比较合适】 是废毛改造的但是佩戴拍照没问题！ 细节非常粗糙， 不能细看细节真滴不行  ,:
      笑死我了，鸡蛋英在泡泡念了一段火箭队台词🐰：“既然你诚心诚意的发问了，我就大发慈悲的告诉你……” , 细田守监督剧场动画『 』BD＆DVD宣传视频，4月20日发售。   ,路飞的肉、索隆的酒、山治的食材，结果是多少？ ,:
      [因为独属于我的蒙娜丽莎 我早已遇见]p1-3 p7 p9 p4-6 p8  去年拍了好几次丽丽，每套都很喜欢我永远喜欢绫波丽🎂🎂🎂 ,希望二次元的老婆今晚可以来我家虽然粗茶淡饭，没有好的圣遗物，没有好的武器，但是我爱你啊，准备空手套老婆了，老婆你愿意吗 ,韩漫【初恋】 当自己的偶像跟初恋重合会是怎样的事情？在出版社工作的恩善，没想到自己也会遭遇这样的情节一最喜欢的作家就是自己暗恋过的学长。虽然跟自己梦中期待的重逢不一样，但是接触中，他发现自己仍旧动心，这时候，学长提出，因为创作没有爱情灵感，想约他一起体验一下。 ...,辉夜大小姐的真人版挺可爱的，环奈酱和紫耀气场很二次元，弹幕都在喷身材啊演技啊就算了，提名什么流星和美波里来演真是不知好赖啊 ,这吊二次元男的装女的有病是吧，金针菇还有脸来意淫女人的胸啊,哈哈哈哈在寝室出柜直男室友们太可爱了吧  , 当大师兄得知自己是小说主角后  ,刷到了初中二次元男生朋友发的朋友圈，怎么会变成现在这么油的模样！！！ ,全体目光向我看齐，我宣布个事，我是个二次元 ,:
      6259【投稿】 ,:
      投稿653：bot我来投个稿。我不理解+无话可说.jpg ,:
      更衣人偶 \完结撒花/真的是贯彻“又纯又欲”的一部番…作画很欲，海梦对cosplay的热爱很纯；主题很欲，但是两个人的感情很纯XD ,二次元搞漫画我真的尴尬到脚趾扣地//:我同意,pppppp妈妈身体这个flag很在意啊，不知道是因为医疗水平受限还是真的是只有一年生命的绝症，果然生七胞胎巨伤身体，在二次元也免不了，而且我也很在意妈妈是怎么和屑爹在一起的希望漫画不要腰斩 ,好冰冷好无聊的互联网，我现在好像不具备成为一个三次元男性梦女的能力了，娱乐圈那一群烂人当然不必说，搞ydy怎么也要被审判我真累了，要不转战乙女游戏吧，二次元好歹能随心所欲一下，不过听说打架也很严重... , 怜怜怀里抱的小墨太可爱了！！画师：乌索Yu  ,我靠这个…恍然以为从二次元走出来了…//:「图」,:
      你们都给我投稿我也想投稿唉我给自己投稿阿九你好，为啥我明明是直女，却对三次元男人只有厌烦 ,粗来丸！不提cp名，说一个你cp的名场面！  ,我有美丽的太太，她是律师、儿子也很优秀， 45岁的丈夫也曾有过辉煌的过往，但现在却是家中最没地位的存在， 直到有一天在遇见太太聘用的新女佣时， 生活开始失控了《都市漫画：《女佣初希》第一话在线阅读，没存在感》   ,:
      这里小窗真的好好笑  ,小丁室友的床帘二次元占了个二 ,一二次元树枝666,猫能有什么坏心思呢  twi:ssss5757_7 ,万国你是没钱了吗这随便路上抓的吧，这个画师画的也忒难看了，速写五分钟画个头都比这好，你找个二次元太太都比这好太多吧，这个画师真的好意思出来赚钱吗?？?骗钱还差不多 ,“一起修炼完”是什么意思为什么要一起躺着！！作者：阿闷aman  ,美捷乐这个高饱和度，实在不是很适合画这种。。。我们还是二次元和美食再见吧，花鸟山水还得史明克。。。 ,啊啊啊啊啊啊，这个亲亲好绝！！twi：junnn2727  ,小广告已经把手从二次元纸片人伸到了三次元，从国产剧伸到了泰剧 , “我想要坠入深海里，看悠闲游荡的鲸鱼。”自截《偶像荣耀/IDOLY PRIDE》 ,121【投稿】“隔空喊话bot”是指的异地对线交流。以投稿的形式发布，对象多以明星、角色、二次元、作品、兴趣圈、情感为主。你可以在相关账号投稿，向偶像或者其他喜欢这个明星的人说话，比如“温温扣死我” ,:
      3/30 今天是 绫波丽和她的声优·林原惠的生日 ,不要捡二手看捡二手听，能不能自己找路自己摸索，每个人都应该听出点自己的东西来，烦死，圈子把你们都害求了，追求共鸣有那么重要？一个大活人你不需要和任何人有共同语言。烦死…去二次元了 ,自从听了那些鬼话，晚上感觉身边多了很多人作者：   ,搞笑动漫 微博二次元    ,我一直約畫手都是同一個⋯她一般都只接二次元的稿⋯⋯然後我這幾天想自己做一個尺崽的棉花娃娃⋯找她問稿子⋯她很誠懇地問我急不急⋯你們圈的人都太難畫了⋯⋯⋯⋯⋯⋯⋯⋯⋯ , 小埋变身只需要一点点时间！  ,:
      哪里来的二次元？   ,我一直都是二次元啊😭 ,我们天音未来只穿死库水不裸泳谢谢你二次元 ,:
      一定要入！到夏天你就知道这款T恤多么好啦！❤蕉下专业的防晒品牌tee 49👉      正pin！天喵99一件，我们这里可以买到两件！采用科技面料，这样的T恤不多见哦，高效隔热，冰凉降温，排汗不粘，持久舒爽！舒适度真的杠杠滴，上手一模，冰冰凉凉！到夏天你穿了这个T恤就不想穿其 ...,推荐一部动画片。  ,wow火了，招人要求“擅长欧美奇幻厚涂”。后来仙侠火了，改成要求“擅长古风玄幻”。再后来yys火了，“擅长日式神怪”。前几年舟火了，“擅长机能风二次元”。资本嘛，什么火什么赚钱就做什么，才不管画师跟不跟得上变化，跟不上就换掉你。再加上游戏公司里，美术的地位一般也不高。大家常常都没 ...,【信白】关于辣酱  现代小故事  ——关于辣酱——韩信小朋友和李白小朋友两家周末一起去野餐，两位妈妈给两个小朋友做了三明治，里面用的是番茄酱，还加了蜂蜜，酸酸甜甜，味道特别好。两个小朋友吃的喜笑颜开，糊了满脸的酱汁。吃完后，被妈妈们按着仔细擦干 ...,我趣 好大的雨好大的雷 差点我就要觉得我要被劈死然后魂穿二次元了😱😱😱 ,老板刚才说有女生说我帅 但是说我看起来很凶不敢和我说话🤨最好有这种刻板印象 因为我是二次元😛 ,二次元娇妻比现实娇妻还疯 ,可不可以给点二次元 我真的很渴望二次元 ,作者又更新啦！！！从小到大，竹马竹马，他们太好了呜呜呜呜呜！！期待剧场版第2部  ,『情侣头像』♥遇见喜欢的人，就像浩劫余生，漂流过沧海，终见陆地。   ,某幻2022.4.6生贺预热 评论揪一个友友某幻生日后解封当天上舰长手书《某幻君穿越到异世界寻找虎年大吉会发生什么》【绘制】 狼匝【剪辑 】狼匝二次元小幻寻找三次元某幻，带他穿越到幻想世界寻找失踪的虎年大吉物品，中途遇到怪物的阻拦，背后的阴谋是…？完整生贺视频4 ...,好久不看，咒解怎么又在打架无论是三次元还是二次元我都很不理解“洗白”这件事，每个人对角色都有自己的理解和偏爱或厌恶的方面，何谈洗白呢更不理解二刺猿打cp踩角色，又不像三次元小明星要撕资源控舆论，纸片人打再凶骂再厉害作者也不会因为这个给哪家多画只是借着爱角色的皮发泄自己的恶意 ...,李泰容是🪄直击饭心的暖心Center🌈拥有发光的雕刻颜值💘下颔线就是如画般的艺术🌄从漫画二次元世界里穿越而来🎞绝对视觉中心🎉克里斯马无可匹敌💌白色魅力加持化身𝓗𝓮𝓻𝓸掌控舞台🤯饭团也有让人沦陷的深情眼神🥺泰容就是我的王子殿下吧👑 ,这分类……真就二次元君吗 ,我二次元第一任老公碓冰拓海，第二任老公巴卫 ,【 】「石纪元Dr. Stone」🌸 樱花主题 POP UP STORE 新绘视觉图公开🌸 ,二次元跟三次元隔的太遥远了 ,穿衣显瘦，脱衣有肉    ,看到这集 突然想起来之前贴吧上有用身高比例 手长脚长的尺寸来推理高杉的🐔长20cm 同理同样的姿势证明银时长17cm hhhhhhhhhhhh 然后说高杉人矮🐔不矮 真的笑死为啥现在都没有那些讨论动漫二次元的有意思的地方了 还有依然有但是我不知道 , 美好的期待要一直留住它  ,所以为啥我不怎么多关注声优，因为声优对我来说和普通番剧企划staff没啥区别。只是他/她担任配音而声音将声优和角色联系起来仅此而已。越来越多声优综艺节目其实就纯三次啦，说白了和追星有啥区别。当声优出场率占一个主打二次元项目的主体地位不觉得有点本末倒置吗🚬虚拟角色故事都说不好呢很怪 ,豪门长媳教你做人类别：穿越小说作者： 云东曼内容简介      祁家是豪门圈里的奇葩，祁董事长夫妇是古早霸总文的男女主，年老后一个变成刻薄阔太，一个仿佛活在二次元的孤独老头。夫妇俩生了三个娃，大儿子和二儿子是对照组，大儿子浪荡纨绔，二儿子优秀精英…… , 老妈我爱你，虽然我不常放在嘴里~ ,二次元的主角三次元的偶像，一个都见不到 ,唱片到了我让我妈给我拍个照，结果这byd魔力赏抽到的海报到时间也自动发货了，我妈给这三个二次元大莱也一起拍过来了，真抽象啊 , 适合春天的自驾路线主题直播连麦来啦！自驾旅游达人 将连麦旅游达人    与你分享春日自驾旅行攻略，多维度解读全家自驾出行灵感，邀您跟着直播镜头一起解锁大V生活！关注+转发，4月2日抽1人送笔记本套装。 ,这就是二次元吗  ,:
      张军别以为摄像头拍不到你🤣🤣🤣  ,我们在二次元的世界再见一次吧 ,外号:冰棒爱好:听音乐，追剧，购物雷点:朱一龙，陈哲远，周也追星:龚俊，檀健次，博君一肖电视剧cp:城心城翊脾气暴躁，可来交友! 二次元配音演员也粉，但不是特别了解，注重追星  ,好喜欢这套衣服的那张烧，一点点宅里宅气，跟这个布景一起就像个skm的二次元小星球[报税],好搞笑 明明不是团粉但是看到菲菲的名字就买了前阵子还跟朋友吐槽一张小卡不值我买二次元周边比这香 转头看到1+1就哐哐砸了五张 ,林妈妈为母则刚虽然从二次元到三次元我从来不吃父母爱情但我居然磕到了既然如此，如果说心眼是只有iLASER开心的世界达成了的话，那在文森的肾虚治好之前就限时拉一拉这一对吧,白敬亭卷毛好像二次元的人啊 ,我不是很理解自己的审美，二次元我白毛控，慕强，特别喜欢大帅比，越猛越蛊越涩我越爱，但是三次元，拜托我真的很喜欢一些香香软软的小亩零，真的好喜欢啊好想跟他做朋友做姐妹，我就听他给我八卦他男人，被气哭然后我来抱抱擦眼泪，啊怎么回事啊，我不会要踏上四爱这条小众路线吧 ,  小狗勾：外面的世界好危险画师：阿闷aman ,冲//:    正片和春天一起来了 各位麻瓜请注意，魔法学院开课啦~,18年了他们依旧经常出乎彼此意料 画师:BITE是咬哥哥 ,虽然我多次想退坑，二次元纸片人偶像企划真的十分励志，自己比较容易低沉所以特别喜欢这种企划 , 一点点魔法，把秋天变成了春天能看出是什么舞吗！~ ,西片勇敢奔向高木的那一刻真的太甜了！  ,为啥我喜欢的二次元男人都惨遭cos😅前有左然后有绫人 ,丽江金茂璞修雪山酒店  ,其实二三次元谈恋爱差别还是很大的……二次元吸引我的好像更多是共鸣感，我得与他有共同点我才能找到情感支点。当然也不能所有都在我意料之内，那样就没意思了。但三次元可能吸引人的恰好是完全与自己不同的特质，有一种世界被打开了的感觉…… ,二次元搞笑女…有吗，连麦上游戏 ,就 整一个大无语 呵 呵 呵呵呵呵来北京之后，工作就是我的全部来20天加班18天昨天晚上12点多才回去，今儿一大早还要打卡上班唯一的快乐源泉就是我的二次元虽然最近已经没时间看了，但我的光它就在那啊！好家伙，今天那热搜挂得群里消息蹭蹭蹭蹭蹭的在繁忙的工作中挤出一段时间好家伙，不看不 ...,蒜乐 往好点的地方想，至少我现在二次元和写实都能画了 ,你们白人又二次元又追星，有追星追到一起上热搜的，也有做站哥大粉的，某种意义上也是奇人公司。 ,男生的下课日常，真实 , 李泰容是🪄直击饭心的暖心Center🌈拥有发光的雕刻颜值💘下颔线就是如画般的艺术🌄从漫画二次元世界里穿越而来🎞绝对视觉中心🎉克里斯马无可匹敌💌白色魅力加持化身𝓗𝓮𝓻𝓸掌控舞台🤯饭团也有让人沦陷的深情眼神🥺泰容就是我的王子殿下吧👑 , ,啊啊啊啊啊啊啊这个吻我没了！请继续！！我不差这点流量！！！twi.:freedomwarf  ,瓜现在才吃，林原作为二次元小众圈子的工作者，居然被造了黄谣后还被造谣参拜神厕难道这是所谓的人红是非多三次元顶流级别的才有这“待遇”啊//:无语了怎么有人这么喜欢造谣声优啊上次造黄谣还没道歉现在又来造谣zz立场了啊，林原就是看见周围热闹去吃了个小吃而已门都没进,我完了完了完了我tm二次元小男孩永远是我的xp！！！！,来点二次元味的衣服 ,父母是真爱，女儿是意外~  , 1V1还是1V2？选一个吧！  , 二次元和三次元的区别，实锤了 ,哇，好般配，两个二次元晦王  ,顺德公主被四个群演托着从空中而降那块莫名的喜感，配上她的猖狂二次元大笑，我真的笑疯了 ,《星辰变》AMV：只要相信自己！肯努力就一定会有收获！  ,二次元异世界喜欢鬼怪也纯属于叶公好龙，现实中不要让我碰到，谢谢。（怕黑都怕的要死） , 贺天眼里只有小红毛！画师：old先 ,我晒干了沉默，为什么那么多二次元相关的帐号发的都是男同，二次元已经是男同的天下了吗 ,哥哥的嘴骗人的鬼！！画师:吉川流  ,二次元//:笑死了我的鹅哈哈哈,为kpop辉夜姬化身二次元 ,【 】「巨人」OAD动画合集『進撃の巨人 OAD Archive』精选视频公开 🎉 2022年4月27日面世！   ,哥酱声音太萌了真二次元//:弹跳兔兔！！！,剛說完二次元沒意思就被發了劃笑話看，啊啊啊啊啊啊啊啊啊 ,其实我是二次元 ,大家会想从二次元朋友变成三次元朋友吗 ,妙妙！//: 那里来的二次元,  名侦探柯南里无论男女，身体缩小的都不好惹   ,有關注我的大概最近都是被羽生洗版但我真不是爬牆啊其實是不同領域的唯一喜歡我以前真的根本不追星不看什麼競技體育項目只待二次元動漫體育也只看二次元雖然現實體育也看但沒特別喜歡關注的BUT先說一下我喜歡羽生結弦跟金珉錫認識喜歡他們的先後順序我其實是2012先被羽生結弦的小羅密歐打到 ...,:
      ？ ,蹲个老婆，全图06周弧孤寡修狗女卡女，最好是有耳坠的老婆，我好喜欢😍社牛话唠，脾气挺好，熟了之后会叨叨哔哔的给你发很多信息希望老婆脾气好，平时能瑟瑟，一起玩的那种，最好能够互攻，不行我可t可p平常看看原耽，打打游戏，是二次元 ,真想一头钻进二次元的世界不出来了，哪管当一个炮灰也行啊啊啊啊啊啊，谁能抵挡纸片人的魅力啊啊啊啊啊啊 ,二次元怎么追 ,二次元人不等于认可这种调侃和低幼语言//://://:  //://:很多人不理解语言本身是有力量的，消解语言就是消解文化，消解文化就是消解存在。当用低幼语言来娱乐化一切严肃存在的时候，严肃背后的苦难和应该随之而来的思考也就一并被吞吃了,这东西其实很脆弱 只是大家都不知道 painter：我是白  ,打开下一篇连载的纲想添加素材，但是好像根本没时间开……年初就排好期哪个节点要完成哪篇，结果计划赶不上变化，没想到工作方面进展居然来得这么快这么突然。管他呢，真正的热爱一定能排除万难！就要搞二次元，就要爱纸片人，就要续写我CP的故事！我相信就算坑里只有我一个人了，我还能顽强地搞下去 ...,斗罗三大神集体作弊  ,妖娆撩羡已准备好，含光君快来！！！twi:soso42251 ,  画张新图，少年们的出游。 长裤攻，短裤受，分明。  ,哔哩哔哩直播，二次元弹幕直播平台   今天是红发大姐姐噢 ,看我变身二次元！,有没有一种可能我生来就是二次元（指名字） ,好喜欢食戟之灵的幸平创真啊 这个男主人设太绝了 果然是只有二次元才能有的男性人设🥲 , 刃牙与地表上最自由的男人展开大战，开鬼脑，露龟背！  ,我看见你偷拍了，赶紧给我交出来作者：麻尾   , 熊受x狼攻，一旦接受了这个设定，实在太带感了画师：天然嫣(YEN) ,笑死我了、、、以前看乙游玩家和某团成员粉吵架我还觉得饭圈姐真恐怖、我现在只觉得、、、其实大部队根本没来和二次元打、、、正八经大杀伤力粉丝战团其实还在专心撕队友（）她们眼里根本没有纸片人啦……威胁不如剩下的6个同事甚至不如师弟（） ,被帅到了！狠狠的维护小土豆作者：   ,被老师点名问现在的东亚文化交流我：…二次元他：还有吗我：…我：…我和他：…我：日本和韩国偶像文化？他：挺好的（生硬。 ,自从知道二哈被影视化了以后，我整个人都不好了连小说都不想看了本来想看第二遍，第三遍，现在迅速出坑，希望以后我爱的小说都可以避免被影视化，二次元的人物就不该用三次元的人来玷污 ,一期一图：6502 , 这种设定我可以！有文吗？！！ ,我的漂亮小啦出道五年了呢不知道那个中二的二次元世界里你过得怎么样另一个你过得还算不错正在为了美好的未来而努力呢为他加油吧！你也要加油哦！你们都会实现自己的梦想的我也会实现的一起加油！ , 韩国插画师「셀바」笔下的一组作品！！简直了 ,躲在二次元疗伤了2周，疯狂补新番旧番～以为可以面对了，刚才很期待的打开你的综艺…但没一会视线又模糊了…心又开始痛了…我知道，这个伤永远好不了了～愿明天的你比今天更好，晚安！ , 完美代入二次元现代装长发美人~最重要的是美而不妖，气场十足！转载了 的微博图片 ,大家肯定不知道六七年前我是个二次元 ,谁还不是个二次元了,:
      扫图｜「ブラザービート」MV&ジャケ写オフショット个人 15p ,一直觉得楼斯打架已经够疯了但是当他们大战二次元的时候还是处于下风 ,:
      我去好可爱的小娘泡 走在路上会被人见色起意拉到小巷里逼着口的 ,我好像是错过入坑二次元的那批人，其实也看番也看漫画。但是还是会更喜欢真真切切能见到的人，会不完美但是还是好幸福，他是活生生的，有思想有见解。 ,宝是有点子二次元的吧//:有点子中二在身上//:我特么的// :尼玛哈哈哈哈哈哈哈哈哈,有没有一种可能性，这是个二次元抽卡音游 ,层岩巨渊做的也太牛逼了，原神现在的气质已经完全不是刚开服时那个天真可爱的二次元世界了 ,从没想过二次元纸片人也能塌房。 ,追星这么多年，一直不懂日娱粉和二次元粉的优越感从何而来，大学室友有个追二次元的更是现身说法，每天都很想给她一拳 ,:
      进行一个生日的过 ,二次元同事愤怒质问我怎么两周了都没见到我方舟上线你算什么刀客塔我说因为我在塞达尔同事说哦那没事了 ,回复:这事这么走极端，都有70年代那味了。。这进屋杀宠物，真的无法无天。。//:回复:这不就是打着拯救你的旗号烧杀掠夺么,谁能告诉我evelyn hugo应该带谁的脸说到金发，脑子里都是梦露，又说古巴，想到了ana总不能让脑子填一个二次元纸片人进去吧SOS ,  嗑到了，这就是所谓的懒攻强受吧 ,纯纯无语住了搞一次元被换头文学二次元被碰瓷三次的被代餐 ,:
      夏老师不搞二次元真的太可惜了 ,禁止角色本人走出二次元,:
      感觉烧普都出了有衣装了那应该是能发的（？）六单making里from today的拍摄[交税]某个小朋友蹦蹦跳跳结果不小心搞坏了布景蹲着整了一会儿发现无法复原 发现摄像头对着自己于是试图萌混过关（。（最后乖乖道歉了www好可爱www） ,:
      因为在b站骂了太多人号子不能要了，拉黑名单长度自从入坑每日几乎匀速增长，换新号继续骂去了。 ,#二次元画手互fo[超话]#发一下最近画的系列作［宇宙探索小队］，浅排了一下版，求互fo贴贴 ,唉，为什么明明是直女，却只对二次元角色感兴趣……,猫咪版核酸检测打疫苗图。这也太萌了吧！图： 纠结的貓G   ,老子要去二次元搞cp现实生活太烂了👎徐州女性没被救出来（至少没有送她回家的消息），有些疫情下的大家过的没有表面上（官方/新闻报道）那么好，第三年了连这么大片地连小动物都保护不好还扑杀...谁看了不说烂烂烂烂烦死了 ,D和Ddd是否属于一种俯瞰风景的概念莫名想起两仪式刺死空中的巫条雾绘，躺在医院里的巫条雾绘猛地苏醒的画面（过于古早二次元 ,赤井秀一曾被人称为银色子弹！  ,我的小熊，虽然也很小，但是它，能量巨大。  via：吉川流 ,我的作业和我同学的作业惨烈的二次元对比 ,美人鱼和渔夫的故事！是个绝美的故事了By 秋尾  , 美图分享(34) , 一看这就是非常地二次元，《时空之隙》独特的世界线太吸引人了！！！  ,时代的泪//:真的超开心的 热烈的心情 燃爆的二次元魂//://:5555怀念，我去的是04年那次05年我去上大学了错过了5555,麻花辫云梦双杰 Twi：thisiskeets  ,:
      救命—— ,😅😅😅 占有欲这个东西 在二次元是xp 在现生是（） ,从上往下看是一个故事，从下往上看又是另外一个故事~  ,感慨一下，以前当王八的时候因为突突七差点跟我姐闹掰（她是二次元以及男zs和zyl粉），微博互关了十年后来搞到互相取关的程度，之前的基友闹掰了一大半，在三次元从不敢说自己追瑕疵，而且过得很压抑，自己躲起来哭过很多次。但是另一方面，我姐给我准备生日蛋糕都是用博博的照片，送她的各种日用品代 ...,:
      wota的梦想 ,韩漫【雪路】 就职后突然发现自己是omega的珍律他被自己的上司发现是omega，被迫要挟挖掘有名演员白基恩的恋爱说取材。为了取材藏到club派对的律不小心和身为omega人接吻，还不小心喝醉，被白基恩发现。  ,这也行，我三次元爱豆和我二次元爱豆一起拍照这是否也是一种破次元//:にこにこにーー！あなたのハートににこにこにーー！愛を届ける矢澤にこにこ！にこにって覚えてラブニコ！//:诶！！！！好耶是nico！！！(考哥对不起,:
      *铺🍉：我来 还是叽颂来？🐹：哥来吧🐰：哎一古～🐹：呀一古～  ,夜深了，有老婆狠狠地与我互关吗？我脾气很好，从不挂人(也没被挂过)，好价出我东西的亲友我都会想法设法(？)帮蹲/换到他想要的-铁血二次元：不追星，希望互关三次浓度也不高-喜欢潇洒浪漫的角色：es推ngs和涉，排推黑尾，hlr推罗夏，龙族推恺撒；本命(现在还流行这么叫吗？)是 ...,:
      一直不擅长面对告别，想说的太多，真到了说再见的时候，却不知道该说些什么这条微博咱们久违地做期米树洞吧，大家可以晒一下自己id和捐米数，分享一些你跟米公益、米多乐之间难忘的故事～最后抽几位米友，随机送出米小宝的周边 ，规则详见评论～ ,从百草园到二次元笑死,真的超开心的 热烈的心情 燃爆的二次元魂//://:5555怀念，我去的是04年那次05年我去上大学了错过了5555,立本人 你伤了多少追星女/二次元女的心 ,现在的社会辩题真的很奇怪“虚拟恋爱是否会加深孤独感”、、二次元又没吃你家大米，管的真多啊 ,【求推荐】给洞娘和大家递多肉葡萄，可以请问有什么二次元男养养得好的娃娘和博主安利吗？不知道是不是搜索方式有误，只能搜到很馋的一堆妆图，后续也不知道是谁在养也不太好意思打扰妆师😭微博小红书B站哪个平台的都可以！感谢！ , 大旗 ,哈哈，比较吃这种话不多且直接的人设画师：虽虽酱  , 太喜欢这样的设定了！有没有姐妹一样的淦！ ,完全是我会喜欢的脸（二次元限定 ,迎来世界终结的尼杰尔。 却在那之前，先一步被对自己忠心耿耿的骑士伊纳斯杀害了。 还来不及对这令人难以置信的事实绝望，回过神来尼杰尔就发现他回到了过去。《“殿下，这种脏活就交给我吧”》   ,因为二次元朋友的分享开始的米公益，迄今为止2028天了。其实从渐渐发现好友排行越来越高时就感觉到了，现在用米公益的人真的少了吧。但是每天三件套已经成了我的一个心思了。天天都会在睡前想想，打卡了吗?答题了吗?步数收了吗?所以，真的很舍不得，但还是祝愿各位越来越好，青山不改，加油，公益人！,【 】山口ミコト x 佐藤友生 悬疑智斗漫改TV动画「朋友游戏」最新预告PV公开 🎉 4月5日开播！OP：水树奈奈「ダブルシャーフル」ED： saji「灯日」【CAST】片切友一：小林千晃美笠天智：滨野大辉沢良宜志法：宮本侑芽四部誠：大野智敬心木ゆとり：天野聪美水瀬マリア：上田丽 ...,:
      反正根据很多反肖战kol的后续表现来看，它们反肖战也只是为了流量，恶心程度和肖战以及肖战系的kol没什么两样。我甚至怀疑它们是一伙的搁这互相炒作呢。 ,有些二次元男的真的涩到没边了，说真的如果你们闲着没事的话可以给我草草 ,为什么觉得我们批评几句就是“对一款电子游戏抱有如此浓烈的仇恨情绪好可怕呀”呢？有没有想过我们只是讲起话来比较尖酸刻薄罢了但人在海拉鲁刚下飞机，ff14倒不是年轻人第一款电子游戏，但确实是年轻人的第一款二次元人物炒股打投大粪坑 ...,好 知道乃宝不看二次元了（ ,路飞越来越强大了呀 ,你在二次元里是纯爱战士，怎么在三次元里是牛头人 , 真的很有内味真的像从二次元走出来了,开了三个imomo盲盒全是2.5次元。。本想着开出二次元头就拿来cos濑哥的结果。。2.5次元的鼻子我真的好不喜欢 ,二次元直拍我真的瞳孔地震#这是在干什么 ,:
      远藤卓司导演版OVA《绝爱 1989》，漫画大家都熟，许多人的BL启蒙 。这版的分镜是川尻善昭。 ,从国配跑路很久了，要我说二次元真是不挑啊，为什么要捧油腻丑男的臭脚（这是可以说的吗） ,救命，我还是太不理解二次元了。错付了！！！！ ,来我的首页，这样说的我特别想做一个市场问卷调查，诚邀你们走过路过参加我认真的假设你是一个1，然后有这样一个0，情况见下图。对情况可以提问。就是这样一个上大龄二次元都会被刷下来的情况。看完情况后请从个人角度出发，回答我如下几个调查问题：1⃣️你是否会找这样一个0当对象，若你 ...,:
       投稿ID： 男，92年，181/74，外企程序员，丁克，详见长微博本条含 转发即可，14天后开奖，共2320元奖品① 648元×2人奖品② 128元×8人   ,年纪越大越喜欢二次元怎么 ,:
      外网刷到了一个，五秒钟就能测出你是哪种人格。测法把每个选项（）里的字母组合在一起 ,:
       想问问大家都出货了吗  ,书包还扎吧唧真真二次元萌妹呀……//:小女生拿宝//:尼玛好可爱萌妹吧//:巴蜀男小的//:小学森//:女款没跑了 ,  何止是在太后心中最价值连城哪   ,:
      问🍉的，看图（不知道会不会被夹） 图源水印不要快转，谢谢，再快转我会拉黑你 ,再不嗑真人不嗑真人不嗑真人，但角色和二次元可以。 ,昨晚还学了1个小时的瑜伽 计划今天要练练 想着想着还可开心了呢 然鹅... 都已经抱着爱咋咋的心态了 这个月没有就没有吧 大不了就下个月吧 下个月没有就大下个月吧 delay delay delay就一直next next next 反正打破纪录也不大可能哎... my yoga ps.啥时候能出个那种嘟嘴的表情包 来自二次元 ...,二次元重开绳。   ,我只想守护二次元的净土。真的。带三次元好烦。 ,发布了头条文章：《三坑/潮玩/二次元行业发布指南——淘宝/天猫店主看过来》 如果发布类目错误，将影响搜索及个性化的流量来源，影响成交。  ,inetwi    ,看个漫画看的想谈恋爱了呜呜呜呜虚拟≠现实我要把我的幼稚全部储存在二次元中 ,刚安慰我一个玩恋与的朋友 她说：“唉 如果李泽言真的存在该多好！你说为什么纸片人不能有生命呢”我：“有没有一种可能 当你遗憾三次元没有他的时候 或许他也在惋惜 为什么在二次元里见不到你 在无数个时刻 在你永远看不见的地方” 自己说完给自己整愣了 是啊…没准呢 忽然想起 小时候看 ...,【鹅漫村村民入驻计划】二次元聚集地鹅漫村来啦！欢迎各位村民入驻↓作为鹅家认证的动漫交流示范村儿，村民们可以在鹅漫村尽情享受二次元世界。入驻活动现已开启，参与活动将有机会获得国漫实物周边奖励，鹅少已经在村里备好小板凳等你们啦~评论戳🔗查看活动详情 ,我真笑死了，怎么wtw被关这么久了wxw和wy还能吵啊，争谁是鳏夫谁是寡妇吗二次元热血番哪对不是靠意淫啊，怎么还争高低贵贱 ,追星的人最终总会：要么默默脱粉，要么脱粉回踩。明星与粉丝，本质也是互相利用。明星给粉丝带来开心快乐，粉丝给明星带来经济利益。当你追星不愉快了，其实应该赶紧抽身回归三次元。明星之于粉丝的意义，其实也如同二次元般虚无缥缈。当你过分把三次元的情绪带入到二次元的世界的时候，别怀疑 ...,啊啊啊啊又想到那个阴阳怪气满口“这就是二次元吗”的虾博主呃呃呃大吐三口 一犯恶心所有近期恶心到我的事情一起出现呸呸呸 ,互联网人设：在抖音做搞笑女，在微博做疯逼，在空间做二次元，在朋友圈做现充，在小红书做美女，在豆瓣做饭圈八卦女 ,安排      ,当我想把黄明昊带入二次元的世界事，貌似画的有亿点点丑就这样看吧  ,woc！！黑鲨5Pro系列全家桶！这个好看！！！牛逼牛逼二次元快冲 ,纯路人可能很懵，这件事就是粉丝诉求好好搞广播剧罢了，乱七八糟的人大可不必跳脚，耽改粉丝没必要在这里蹭来蹭去，点进去页面还挺晦气，希望你正主早日各自找嫂子官宣，还有一些某些原耽粉自己破事一堆没必要过来掺一脚，还有某些二次元游戏玩家，差不多得了（又没有过 ..., 美图分享(33) ,  逛街。   , 二次元少女动漫头发插画笔刷以后再也不我哦，抓破脑袋想头发细节啦长发｜短发｜披肩发卷发｜直发｜双马尾Ps和Procreate 都可以用哦 ,那必定的，手游防沉迷风波的时候，我亲眼看到评论区一个骂二次元活该的账号顶着AO3的头像。。。//:咱也不知道那些骂虾举报ao3的妹妹后来有没有参与对无职转生的举报，咱也不敢问…赛博宅男参与啥仙女互撕啊，反正也是食物链底层，安心看戏就行了…,我在思考一个问题 会不会因为我在二次元受得苦太多了 然后朋友们竭尽全力把我送到了三次元  ,我对二次元最后的温柔就是间谍过家家 ,:
      昨天那么多好人网络支教，今天还发这句话，我真的烦了。我不管你是男人还是女人，我都判定为弔人，拜拜了 ,人为什么会得痔疮？  ,羡羡好性福，有三个老攻twi：To_Dot  ,呜呜呜小学看的 高三了还在看十二年前的番现在看也不过时[流泪][流泪][流泪]少女漫启蒙 碓氷拓海呜呜呜好帅啊啊啊果然美好的人只会存在于二次元[大哭][大哭]btw下辈子能不能把我做成纸片人锤进光与夜之恋里面啊啊啊啊啊啊啊 ,我穿着痛衣抱着会员购的粉红色箱子走在路上感觉自己浑身上下写满了五个大字：我是二次元 ,这个kiss百看不厌，太苏了～twi：Qmeng0211  , 上天上天 浮想联翩！（大胆发言）  ,我要远离一下二次元 有没有什么电视剧推荐 甄嬛传还是金粉世家 投个票吧（。。。） ,杭州东二次元痛车,Beat Saber真累人啊整点二次元跳嗨了所以说育碧为啥不专门出个二次元的just dance绝对卖爆 ,烦死了二次元我的快乐老家 , 说唱就搞说唱别jb蹭二次元啊现充就好好充你的现看完漫画再写歌词🌟吗？真的恶心到我啊救。。妈的这种形式的出圈可不可以少一点 ,他还是个二次元（震声）,其实前段时间那套alice unit的设计，曾经有一个版本是二次元但写实设计（后来迭代了所以没图），我给红心设计了电线腋毛。。每次想起都觉得色到不行。有没有懂的。。。我的一大xp就是体毛，为什么二次元美女都没有毛的，我立志要做二次元毛毛第一人。。。。 ,主播跟二次元没有关系,#二次元画手互fo[超话]# 又画了差分图差分 我喜欢画差分 ,米娜都是萌萌二次元啦(⑉°з°)-♡,二次元，抓起来, 看个开头CG二次元的味太冲了 ,逍遥散人，一款二次元女的共享三次元男老婆……b站看画手多多少少都带粉丝牌子……好…大家都是刺儿 ,感谢我“二次元爸爸”送给我的生日歌吖很好听不是嘛  ,谢谢二次元,我的狐狐#二次元画手互fo[超话]# ,4761【投稿】喊老婆是因为我不敢喊老公显得自己很二次元很傻呗本质里我厌女 ,别管了 爷回归二次元 ,二次元还是快乐太多了 ,恩？？？二次元给我力量？？？ ,我好想去二次元的世界 ,哈哈哈哈哈哈你好可爱诶，二次元不就图能get到作者的点，杰哥虽然角色三观转变一地鸡毛，但前后都有很多有趣的设计，jjxx主角讲故事不行，人设还是可以的// :都可以磕，不管是弱智还是脑瘫，你的选择都有意义。,:
      2019.3.30围着时间走 , 从前一天三顿饭都要一起吃，现在吃一顿饭不知道要多久 P站画师ID：18084201 ,:
        你连自己的份内之事都完成不了，需要我来帮忙？史尔特尔: 摄影后期: ,二次元确实比三次元好搞拜拜韩🐟👋 ,:
      妈的迪士尼拍月光屁股拍成了搞笑女 ,想念张可的黑发M字刘海🚬谁懂......非常二次元的属性 ,今天最抓马的时刻大概就是开完分享会议 因为手机没电去休息处充电 看到今天的汇报人和一位与会律师然后 我们三个开始聊漫画和动画😅二次元统治世界罢了 ,那里来的二次元,可是做二次元好累哦,路人女主永远是我心目中永远的神作，我最喜欢的二次元。 ,我不明白。//:他还是个二次元（震声）,羡慕且祝福  在二次元的世界，顾魏医生和林之校同学 能继续幸福的生活。这就是爱情该有的模样,竹马什么的最萌了，长大后就反攻了！！ ,定是羡羡编的辫辫了，太可耐了 Twi：yion_yi  ,omg终于理解为何你咒被称作二次元饭圈,真人和影视角色二次元角色都行 只要不是我讨厌的明星//:捞,如果活在二次元就好了，这样生气的时候就可以看的我头上的一坨火了 ,我的二次元浓度真的很高，给大家看看我的小鲨鱼 鲨比 ,罢了，是就埋了，猫耳烂透了。动画那么优秀后台播放和广播剧也没差别……不管是不是都永久壁垒729，纯纯被恶心的，搞二次元这么久第一次有这么恶心的感觉 ,我不明白，看书听广播剧不都是找乐子吗？原来要这么真情实感的吗？而且！怎么哪哪儿都有“粉丝”这种生物存在！要是我的娱乐工具没了，我就真的暴躁了！我这种生活在三次元，二次元当消遣的人，真的不明白“粉丝”们怎么这么空！！ ,【 】「巨人」OAD动画合集『進撃の巨人 OAD Archive』精选视频公开 🎉 2022年4月27日面世！  ,:
       管泽元：更不要说他们面对BLG把烈娜塔提高到了前三ban的程度，那是因为他们对面炼金怪人刘青松。那看一下这把能不能我打败你之后把你的给拿过来继续用。很多动漫都有这种设定，击败了一个人就把那个人的能力武器直接拿过来了，直接进化。“主播不是二次元”  ...,:
      就那几个 ,二次元梦女是不是有病 , 这是一场价值1000亿的拳斗！康纳和梅威瑟都看哭了！  ,風帶著我的思念，從三次元刮到了二次元，你感覺到了嗎 ,二次元社死现场🚬 ,我们二次元都很善良很天真的呀 ,救命 怎么又卷土重来了 去年被骂的还不够吗小傻杯们😅你家割割什么样自己心里不清楚？来二次元找什么优越感 关键是还样样不如纸片人😅😅😅 ,也不知道是我天赋异禀了啊，还是因为我打小时候刚接触二次元那会儿就在看那种繁体字的汉化日漫反正现在我看繁体字基本上没有太大压力 ,  我女儿眼镜瞎了，她看不见弱小无助又可怜的人  ,不如回二次元 ,去小蓝鸟溜了一圈，我该怎么说呢…………艺术来源于生活并美化了生活…………十年前我觉得我可以空口鉴同，现在，三次元的我还是爬上了崆峒山……原耽的美好就久久停留在二次元好了…… ,月酱，你们霓虹金真的有人偶基因在骨子里吧，怎么会这么二次元可爱大小姐女主捏,好//:漫展上遇到这种我会紧紧抱着不撒手// :啊啊啊啊好Q特// :// :好可爱// : // :都说了禁止纸片人走出二次元// :哇啊啊啊啊啊小帅哥们// :可爱死了// :,再见我去二次元了 ,:
        和 独家对话时， 坦言，他也会羡慕《余生，请多指教》里顾魏和林之校之间的爱情，“其实我和顾魏在爱情观上是相似的，都比较传统，会一心一意。”但对于未来的家庭，肖战表示自己还没有想到离他遥远的这一步，“不过，幸福 ...,设计师Scarlett Yang：二次元与三次元的穿梭者本期「U-Profile」的主角是一位新锐的跨学科设计师杨思嘉（Scarlett Yang）。Scarlett与专注于虚拟时装的设计师有所不同，她的研究范畴涵盖了实体与虚拟两个维度：从传统的时装设计到可降解的生物材料的研发，再到虚拟时装的呈现，她成了一个二次元与三 ...,这个讲座怎么还从二次元到消费主义谷子痛包了！！还有同人本啥的我在听讲座吗。。 ,他说这个壳不够二次元想换个会社死的  , 这个小圆头像好可爱呦！pid：11975397 ,哥哥抑郁：弟弟不需要我了呜呜呜  , 呀～这是贞子吗？ ,我发现二次元凝男bot发的大多数🈲动漫漫画我几乎都看过……我是不是没救了[交税] ,回复:就……看了眼相册的时间，其实前后就两分钟，还算上不同角度的。运气好//:鸭子嘴巴下面的涟漪绝了~这得等多久啊~,     快来和他干一架,分享：画师『mitomaton_』的美食板绘插画绘画过程视频  ,近几年难得看的漫画+动画，偶像塌房就算了，二次元也跟着塌，有没有人出漫”动漫辱骂一下这些脑子不正常的小日本啊啊啊啊啊，我实名支持一点，烦死,:
      这是2005年8月在军博的漫展，那次漫展持续了好几天。我去的是6,7,9号三天。早期的漫展和现在的漫展还不一样，更像是一个综合性质的展会。早期的COSER化妆技术没有现在好，服装道具没有现在精致，但是大家都玩的很开心。 ,？！？！？！來點二次元！！！ ,不知道为什么我脑子会自动翻译成あくま（少看点二次元吧你，别的不说我产品的相处模式真的很相爱相杀少女漫  ,？？？这是我能看的？？？  ,这个天官cv我不可以就算退原耽退二次元了也不可以  , 美图分享(35) ,动漫二次元  ,:
      其实这么看我觉得画1。0确实比完颜团十字TYT有看头….可惜黄锐不怎么行。。。 , 现代pa，美术系小花甲和霸道总裁生蚝事后一支烟，快活似神仙！画师：shush西雷 ,我们二次元的卡密是要整点二次元生日的,笑得 //:笑//:。。//:草//:草//:呃。。简单又准确。。,一些二次元笑话… ,你是一个女大学生，你最喜欢的事情是剪辑岁月静好的抖音视频并配上抖音抄来的文案，最喜欢的明星是yyqx，此前你对二次元一无所知，但你开学之后遇见了你的室友，一切开始飞速转变：此前只喜欢用ins风女头男头的你居然开始用动漫头像，开始看番，开始和她打一样的游戏。你追着她的一切，你从她的微博 ...,所以打游戏居然变成我现在最三次元的二次元活动😅苍了天了 ,本人16年追arashi，18年追声入人心，现在在搞ydy，中间一直在搞二次元。别的没搞过，不要瞎几把说，别逼我骂人 ,说男凝的怎么不想想女凝。老娘也喜欢看美女脱衣。搞二次元还那么多规矩，别搞算了。骂贝姐和萨姆斯的，连游戏都没玩过，麻烦贡献下销量再发表意见。老子慕强，人物塑造不要脑残就可以。 ,:
       心血来潮分享一下曾经惊艳过我童年的盛世美颜 审判者月 ,咱就是说我作为普通人8头身已经不容易了，9头身那得是模特仙女的比例了二次元的10头身11头身照进现实多少有点不知好歹了[交税]你们要是喜欢咱也可以加大后期力度，就是希望别线下看到真人又觉得差距太大diss我就行 ,祝我们的陈总生日快乐//:我们二次元的卡密是要整点二次元生日的,和我的朋友因为谁更二次元起了争执 ,我入不了光夜坑的很大原因就是属性太雷同了，给我的感觉就是恋与的一个人被拆成了好几个人。但是转念一想，二次元就那么些属性，想要不撞确实很难。不过光夜的立绘画风比恋与好看太多，恋与没屁股这点啥时候能改改 ,想想，果然还是二次元比较简单，比粉真人简单多了 ,整理了一下压箱底的cos服 几乎都是计划流产的 古早二次元现在也没人出 难道只能丢掉了嘛 ,  好看的小哥哥，沉迷纸片人twi：diddid111  ,:
      夕阳与大鹅（ne），据说超猛翻相册发现库存其实还不少呢 ,说真 我真下楼 我回我二次元了 还是会继续喜欢他们 继续花钱 双我快点双 , 抱歉我想歪了 ,:
      浅听了一下后期男团雷惹和他们的後輩曼塔，想说：-歪歪 压嗓压得一定很辛苦吧！配得很努力，下次还是配将军吧ㅋㅋ-看了立绘觉得最贴脸的是孙路路，虽然几乎就是安折声线（。最抓耳的是cztk，太可爱了-按理说狼狗✖️高冷美人cp 是我的xp，但总觉得两个人都差了一口气，直到美人遇到雷惹队长，我 ...,这个设定更带感了，疯狂代入！！  ,二次元有什么好看的 ,天天的形象千千万，但永远二次元,  淮上的破云cp，请吃下这颗安利lof画师：木可柒 ,【投稿】回212 感觉不如二次元xz ，xz只有🦐 没见过本尊下场的但不知道xz会不会也sj评论223 , 好喜欢这张，发个预告，正片可能等屯到圣诞再发（？）  ,8:/ 9蓬莱山辉夜%二次元少女 %送你一张壁纸 %动漫壁纸...；жжq8kX05nr4r8жж咑👐ÞÓųŸĭń搜索这是2011年12月，我在北京漫展和野狼，戈薇，der他们见面时，我cos的人物。月宫公主:蓬莱山辉夜。  ,三次白男滚啊我要回最美的二次元 ,微信，谢谢你，别再给我推送二次元萌妹跳舞的广告了，是什么让你觉得我是你们的用户群体，有没有一种可能，我每天喊老婆的，其实是男老婆？ ,啊！真的好想回归二次元啊想买谷了有点！四月新番好多奥！好怀念我的排球少年and咒术 , 蹲个cp 卡le卡二次元浓度高点就好 我05最好和我差不多 是t  别的都不卡了来个老婆 ,别人只知道他是战无不胜的大将军顾昀，有谁怜他一身病痛？twi：forthe_lxnglife  ,喜欢绫人的传说任务！一是整个任务的故事内核很棒，并不是讲两个人因为爱情就要终成眷属，把一方“托付”给另一方；而且在保证“自我”的同时，两个人一起创造美好的未来。二是绫人的塑造也很好。和我所预想的偏“乙”或者偏“屑”甚至偏“妹控”这种二次元常见设计不同，我所理解到的绫人内核是“和 ...,#二次元画手互fo[超话]#今年的稿子堆堆合集后面想多画点立绘 ,呃感觉我的三次生活真的好糟糕啊 我要当二次元！！ ,啥人啊，打游戏把自己打生气了开始看二次元周边，我真不是个东西 ,要是你睁开眼睛看看我，我不相信你两眼空空。  ,  ルナ太太近期更新的索香合集太带感了啊啊啊◟( ྃ༎͞ ྃ)◞twi：nori31291404 /已受权  ,【 】「 」 音乐event『ES Music Garden』Blu-ray精选视频公开！4月1日面世🎉  ,:
      【提问】今天绘旅人更新路辰剧情，有一段小画家和路辰回母校路过篮球场，下意识空气投篮，然后就有人觉得很下头，路辰OOC了，我不明白为什么空气投篮就OOC了啊？明明他也就是个男大学生 ,脱溾了，滚，当二次元去了 ,等一下 二次元的p站和我所认识的p站是同一个吗 我怎么觉得不对劲 ,笑死我了，，，虽然一直喊盆但从来没觉得他盆过 现在终于懂了，，，，好可爱 ，，，看一次笑一次，，二次元比例盆盆！ ,超凶的上古神兽天团，太可爱了！！画师:杉泽  ,咱就是说我真的很喜欢疯批 一些疯狼疯狗什么的（二次元限定） ,这下是真的想问一句谁把我鸡从二次元里抠出来了 ,没啥感情了。虽然歌会一直听下去喜欢的碟还会买下去，但是就是单纯对官方和圈内生态无语而已。这号再也不发二次元相关了，实在是太耗费我的感情了。 , 山牙子真的很会“见机行事”好甜哦！！cr:安静摸鱼的柒柒  ,桥豆麻袋，这样子讲话有什么错吗？呐，告诉我啊。搜噶，你们已经不喜欢了啊……真是冷酷的人呢，果咩纳塞，让你看到不愉快的东西了。像我这样的人，果然消失就好了呢。也许只有在二次元的世界里，才有真正的美好存在的吧，呐？,关于 拉我打匹配然后他被二次元主播干碎的故事 , 男生和一只流浪猫的温馨的漫画小故事 By Nitori Sasami ,答应我一定要看完 画师：王工川口  ,非常推荐的一部动画片  , 猫猫狗狗oc们的人设 , 由轻小说改编的TV动画「 」最新PV第2弹公开 ！   ,:
      太会跳了只能说  ,怎么二次元还谈番位啊不是队长单推也不是护着官方，只是觉得这样有点怪 ,人生没有对错，只有选择。说你又不听，听又不懂，懂又不做，做你又做错，错又不认，认又不改，改又不服，不服你又不说。哼！那叫我怎么办？  ,可能是现充和二次元 ,一开始隔阂肯定会有，剩下的交给时间   ,虽然说出来很功抚慰，而且你二次元好像很忌讳拉女角色单恋男的，但我一直觉得很适合加个这种设定…… ,  原本只是熟悉，最后失去才知道…   ,Lofter/画包包/快看/QQ/微博：小眯眯眼儿抖音：家有招财猫本命cp：黑笛（不可逆）磕二次元纸片人！头铁李简，寒故，忘羡，188男团，魔道，天官，人渣，以及等等的原耽！算是LSP我的微博啥都有～来自原耽女孩儿的快乐  , 人家心情不好离家出走直接从日本飞到纽约散心  ,好喜欢这种疯批的感觉想要紫肌或者灰肌的二次元崽 ,18块三个叠叠乐看到羊毛就想薅二次元的钱真好赚 ,:
       谁家的零食已经堆成山了 ,一直在强调动漫二次元幼稚，幼稚的是动漫吗？是你面对问题，思考问题的想法。把女朋友分手的理由归为看动漫幼稚，这种想法才幼稚。看动漫就是幼稚吗？我喜欢的是内容形式，动漫只是一个载体，如果真人可以拍出同样的效果我也会喜欢 ,:
      今天是中灰原哀的声优林原惠美老师的生日。生日快乐！ , “大海和你都有治愈坏心情的超能力，心情不好的时候看看海，再想想你，海可以治愈心情，而你可以治愈一切。”自截《公主连结!re:dive》 ,同学的朋友圈:和对象甜蜜一周年吃饭送花蛋糕我的朋友圈:和二次元老公们的每一天氪金升级卡关捏妈，对比好鲜明 ,  ,【询问】想问问有哪些脸偏瘦的4分二次元娃，最好是淘宝能买到的，谢谢 ,为什么混二次元的人多少有点毛病呢 ,蓝染大人yyds~  ,好想活在二次元 ,pix:乌橄榄菜  ,我为啥不一直二次元啊，我天天爱纸片人爱的死去活来的从来没在追星的时候遭这么多罪。我当sb二刺螈的时候都不用这么天天提心吊胆…………虽然追星真的给我快乐但痛苦也是真的多…这b小号也不想要了…等我明天看能不能心情好点…不然销号算了额额 ,想起来二次元前担一次battle砖一张票150还没有别的特典我图啥 ,别卷了别卷了 ,  病娇的爱，从小到大   , 我不想秒懂我想对作业秒懂twi：_SP4869 ,可恶的狂热二次元！！ ,有没有混二次元的宝帮我看下这个是什么动漫啊…… ,李泽言是谁啊，粉丝都疯了吗，谁蹭谁热度心里没点数？前年都解决了的事又翻出来吵，有意思吗？浩翔今年要高考，没时间陪他们玩。二次元来吵什么吵，我们是哪里得罪你们了？ ,哥们的一生很精彩从耽改追到选秀再到耽改然后又到当代男团最后即将归于二次元从流行情歌听到民谣和爵士乐再到说唱最后靠摇滚乐过活从看狗血国产剧看到青春国产剧又到耽改剧 韩剧 美剧最后逃跑进二次元哥们的一生很精彩。。。 ,二次元和装逼男滚出我的世界🙏 , 想约一个全身，有没有画风是日漫或者二次元那种的太太 ,我印象中我的第一个二次元男神（没记错的话，小时候看雪兔变身成月的那一集看了好多遍捏,以前：妈咪你也是饿死人吗www好巧！现在：我不玩二次元游戏 ,:
      和尼桑一起拍了照✨天城一彩：折崎天城燐音：时岚 ,某女配cv在19年香港暴乱时候公然支持曱甴怎么不提//:瓜现在才吃，林原作为二次元小众圈子的工作者，居然被造了黄谣后还被造谣参拜神厕难道这是所谓的人红是非多三次元顶流级别的才有这“待遇”啊//:无语了怎么有人这么喜欢造谣声优啊上次造黄谣还没道歉现在又来造谣zz立场, 【资讯】🎉龙马登上《ANAN》杂志「心中的王子角色排行榜」第4位，樱乃登上「最想成为朋友的女性角色」第9位《ANAN》是1970年创刊的知名女性周刊流行杂志，在霓虹国内人气不错，多次发布二次元相关榜单。 , 谢谢b站🙏今天get到了虚拟（偶像？）主播的快乐二次元形象+不错的音色我一整个狂喜！ , 爸爸跑去餐厅当服务员打工挣钱  ,哎呀妈 ，这个小花城咋那么可爱 Twi：l9OX178  ,。。。。。。。我看到二次元烧杯就会想减肥。。。。。。怎么回事。。。。。。。 , 这对cp我可以！！！就那种看似校霸实则哭包小可爱和他的看似高冷内心宠溺的学霸男友cr:京见 ,“我既选择追随殿下，又岂是贪图殿下的钱财”   Lof：笔芯 , 🌙 硬糖少女第一主舞赵粤🌙硬糖少女实力舞担🌙长发短发皆相宜🌙风格百变的人间龙凤胎🌙二次元漫撕脸🌙有幸人间遇此粤🌙    ,还不知道怎么玩儿超话？我都在二次元超话是LV.4啦，还获得了进阶粉丝头衔，来找我聊天，我来给你划重点~ ✌️ ,#二次元画手互fo[超话]#(●'◡'●) 前一阵的(｡￫v￩｡) ,知道他喜欢海贼，想着他应该也会稍微关注展览，画，动画之类的东西，毕竟之前苏苏还是助理呢。至少曾经是个二次元哈哈,二次元营业关于这本因为疫情拖了一个月才拿到的书部分新插图文字没看就翻了一下tag 台版小说最佳拍档 ,祝福呀！//:我们二次元的卡密是要整点二次元生日的,啤酒烧烤再见，我已经为你付出了太多以后绝对绝对一点不买了，我要改过自新，不能把二次元当人生，这又不是游戏人生啤酒烧烤再见，我已经为你付出了太多以后绝对绝对一点不买了，我要改过自新，不能把二次元当人生，这又不是游戏人生啤酒烧烤再见，我已经为你付出了太多以后绝对绝对一点不买了， ...,mbti新测试方式：如果韩娱，内娱，原耽，二次元，国乙，虚拟男团这几个圈子待过两个及以上大概率是INFP（非绝对） ,有的时候看着微博给我猛推的游戏广告我隐隐感觉大数据时代我的赛博名片是二次元lsp ,帅得有点二次元了。。。, 『少女革命』『回转企鹅罐』监督 几原邦彦 突然宣布改名、新名字将在今晚公布。他表示自己考虑了许多、知道自己会因此失去些什么、也知道会给作品相关STAFF带来麻烦、但还是决定要诚实的面对自己、不想虚假的活下去。 ,磕鹅yo萌得失去所有踏踏开欲望，已和世界和解！好吧走出半生归来仍是萌萌二次元 ,尹正不出现的三次元网络好无聊我回二次元去了 ,【投稿】320“隔空喊话bot”是指的异地对线交流。以投稿的形式发布，对象多以明星、角色、二次元、作品、兴趣圈、情感为主。你可以在相关账号投稿，向偶像或者其他喜欢这个明星的人说话，比如“必须要脚刹根西” ,李振杰你这个死二次元宅男能不能离我远点！！！ ,vv和其他角色相比真的很二次元【比划比划.jpg】 ,爬上来发一张最近画的真的慢的不行…#二次元画手互fo[超话]# ,只知道女人翻脸快～ ,我不想费尽心思去讨人类的欢喜了，我不想爱上三次元的人类了，纸片人老公和二次元才是我真正的归属…… ,我超 之前玩剧本认识的一个姐姐居然是二次元钢琴老师  ,真的好想进二次元 erza会摸着我的头 替我擦干眼泪 教训欺负我的坏人 我想见erza我想见erza我想见erza[悲傷] ,妈妈说想我了，和爸妈开开学第一通视频，打完当场变脸偷偷一个人哭，感觉特别对不起他们……我的性格可能就是他们惯出来的罢，我是有多幸运才能生活在一个健全的家庭，却成长成了一个不健全的人，大学是真的厌学摆烂了，和舍友也不怎么亲近，二次元社交更不必说，活成别人人生路上的一坨屎，不知道方向 ...,哪里有小鸟游六花这种妹妹给我我知道的 我知道的 这么可爱的女孩子只有二次元有 可恶！可恶！勇太我羡慕你啊 ,再一次，二次元的💰 ,:
      刚知道老林病情加重的时候真的很崩溃，本以为那天老林出院，我们已经成功地打败了病魔。也许生活就是这样吧，总是存在着不得不面对的时刻。之后，顾魏带我去了临终关怀病房，看到那里的病人和家属时，我也明白了，老林更需要的是陪伴、关心和爱，虽然我们不能决定分别的时间，但希望和家人相处的每一刻 ..., 柯南的臂力和弹跳力还是没得说的  ,喜欢二次元的怎么能有坏人呢,【 】《JOJO的奇妙冒险：全明星大乱斗R》公开由 空条徐伦 担任旁白的60秒CM，来自《 》系列中的共 50 个角色将会在游戏中登场，预计 秋季 在 PS/Xbox/NS/PC 上正式推出。  ,希望各位一定要珍惜眼前人  ,找到一片免费的和旋，B站二次元以外的异度空间。一声声熟悉的渐变，拉近了二十年的悸动心弦。弹指挥间都是傲慢的偏见，兜兜转转又见似水流年。文山的词是我爱初体验，光怪陆离的Jay带你体验最吊的华篇。是不是办公桌子太低，让我颈部要医，听说核酸要抬头喊一，让最近我排队积极。幻想的腹肌，收藏的动 ...,求一张ipad二次元帅哥壁纸对着他们我才能学下去呜呜呜呜呜 ,某人粉丝真的爱蹭，二次元人物都要蹭，蹭你🐴呢，太讨厌了，呸，真晦气 ,死的时候都是笑着的  ,:
      猴在这高潮啥呢？姑且不论这情报真假，你家夏油杰是三岁小孩吗？成年人没有独立思考的能力吗？屠村杀父杀母也是99教的？哇哦，怎么猴解这么希望自家教主是个弱智呢？ ,对于艾美拉娜，其实我是特别敬佩的，无论是愿意舍身救赛罗（虽然只是瘦了一圈），还是独自一人与二次元人交涉，都体现出了一个公主的大气优雅和果决，但是当我得知深受重伤的贝利亚是她救的以后，我对她的敬佩就更上一层楼，虽然这个设定只是阿部雄一的脑洞，但就像一个农夫与蛇的考验，艾美拉娜不知道 ...,主恋爱次交友在武汉读大学，家在云南 03pt p都可 也可以接受异地 但是不要太远二次元 平时就看看书 打打音游什么的  不想当孤寡了巨蟹座 比较慢热 有点粘人  ,:
      我觉得，将裁员称为 “毕业” ，和将同事称为 “同学” ，将穿着防护服的防疫相关人员称为 “大白” 其实是一脉相承的，对于资方而言是用粉色缎带包装冰冷事实，对于媒体或部分大于18岁的个人而言就是用粉色卡通滤镜过滤现实世界。 ,我就二次元 ,Day30再见了这个美丽的世界，我要去二次元 ,